Date,Close,chg,nextWeekChg,signal,predictChg,PredClose,Predict,d_0,d_1,d_2,d_3,d_4,sum
2015-10-27,204.8000030517578,0.001956992011829639,0.9755859378637979,False,1.0047163,205.76589662083825,1,1,1.0,1.0,1.0,1.0,5.0
2015-10-28,203.60000610351562,-0.005859360011527537,1.0275048657998536,True,1.0047363,204.56431768447146,1,1,1.0,1.0,1.0,1.0,5.0
2015-10-29,204.39999389648438,0.003929213010740451,1.0264188322726087,True,1.0044978,205.3193373405593,1,1,1.0,1.0,1.0,1.0,5.0
2015-10-30,203.8000030517578,-0.002935376040326232,1.0421981880075952,True,1.0043025,204.67685290695954,1,1,1.0,1.0,1.0,1.0,5.0
2015-11-02,198.8000030517578,-0.024533856354899908,1.0694165132792526,True,1.0027734,199.35135579955568,1,1,1.0,1.0,1.0,1.0,5.0
2015-11-03,199.8000030517578,0.005030181009301415,1.0610610448543478,True,0.9999471,199.7894278524691,0,0,1.0,1.0,1.0,1.0,4.0
2015-11-04,209.1999969482422,0.04704701578032178,1.002868098050996,True,0.9970883,208.59087205821743,0,0,0.0,1.0,1.0,1.0,3.0
2015-11-05,209.8000030517578,0.002868098050996082,1.0190657766530784,True,0.99565834,208.88912236557644,0,0,0.0,0.0,1.0,1.0,2.0
2015-11-06,212.39999389648438,0.012392711186401284,0.9905838038725427,False,0.9943444,211.1987473117788,0,0,0.0,0.0,0.0,1.0,1.0
2015-11-09,212.60000610351562,0.0009416770846459865,0.9736594264217049,False,0.9944702,211.42436614237704,0,0,0.0,0.0,0.0,0.0,0.0
2015-11-10,212.0,-0.00282222994492054,0.9839622929411114,False,0.9957483,211.09863567352295,0,0,0.0,0.0,0.0,0.0,0.0
2015-11-11,209.8000030517578,-0.010377344095481966,0.9780743277568934,False,0.9967115,209.11007417628934,0,0,0.0,0.0,0.0,0.0,0.0
2015-11-12,213.8000030517578,0.019065776653078403,0.9728718289571132,False,0.9965804,213.06889724879966,0,0,0.0,0.0,0.0,0.0,0.0
2015-11-13,210.39999389648438,-0.01590275541039321,1.0019011842532193,True,0.9957238,209.5002780698469,0,0,0.0,0.0,0.0,0.0,0.0
2015-11-16,207.0,-0.016159667277163337,1.0164250912873642,True,0.99334335,205.62207412719727,0,0,0.0,0.0,0.0,0.0,0.0
2015-11-17,208.60000610351562,0.007729498084616537,1.0105464855410908,True,0.99034494,206.5859608656956,0,0,0.0,0.0,0.0,0.0,0.0
2015-11-18,205.1999969482422,-0.016299180516736067,1.0233918280854972,True,0.9876527,202.6663349290002,0,0,0.0,0.0,0.0,0.0,0.0
2015-11-19,208.0,0.01364523924658756,1.0048076923076923,True,0.98627883,205.14599704742432,0,0,0.0,0.0,0.0,0.0,0.0
2015-11-20,210.8000030517578,0.013461553133450987,0.9667931693611918,False,0.9865047,207.9551882808828,0,0,0.0,0.0,0.0,0.0,0.0
2015-11-23,210.39999389648438,-0.001897576610448315,0.9600760734783238,False,0.98856086,207.99319794007351,0,0,0.0,0.0,0.0,0.0,0.0
2015-11-24,210.8000030517578,0.001901184253219279,0.9677419214738425,False,0.9914627,209.00034177082125,0,0,0.0,0.0,0.0,0.0,0.0
2015-11-25,210.0,-0.0037950808357501975,0.9838095528738839,False,0.99449605,208.8441699743271,0,0,0.0,0.0,0.0,0.0,0.0
2015-11-26,209.0,-0.004761904761904745,0.9894736988122383,False,0.9971259,208.39931803941727,0,0,0.0,0.0,0.0,0.0,0.0
2015-11-27,203.8000030517578,-0.024880368173407552,1.0107948818218784,True,0.9993531,203.66816702883716,0,0,0.0,0.0,0.0,0.0,0.0
2015-11-30,202.0,-0.008832203262041594,1.0207920641002088,True,1.0008073,202.16307163238525,1,1,0.0,0.0,0.0,0.0,1.0
2015-12-01,204.0,0.00990099009900991,0.9980392456054688,False,1.0014815,204.30223274230957,1,1,1.0,0.0,0.0,0.0,2.0
2015-12-02,206.60000610351562,0.012745127958409874,0.9598257366575336,False,1.0021431,207.04277979251492,1,1,1.0,1.0,0.0,0.0,3.0
2015-12-03,206.8000030517578,0.0009680394111022395,0.9603481778180153,False,1.0026222,207.34228368605727,1,1,1.0,1.0,1.0,0.0,4.0
2015-12-04,206.0,-0.0038684866535402262,0.9427184317875834,False,1.0015888,206.32729721069336,1,1,1.0,1.0,1.0,1.0,5.0
2015-12-07,206.1999969482422,0.0009708589720494043,0.9485936420872633,False,1.0001061,206.2218739983182,1,1,1.0,1.0,1.0,1.0,5.0
2015-12-08,203.60000610351562,-0.012609073148430627,0.9592337779816279,False,0.9978484,203.16193860648127,0,0,1.0,1.0,1.0,1.0,4.0
2015-12-09,198.3000030517578,-0.026031448393293077,1.0055471045274742,True,0.99433166,197.17597079335337,0,0,0.0,1.0,1.0,1.0,3.0
2015-12-10,198.60000610351562,0.0015128746704029528,1.0110775270928012,True,0.9898998,196.5941091278637,0,0,0.0,0.0,1.0,1.0,2.0
2015-12-11,194.1999969482422,-0.02215513101736777,1.0242018384248215,True,0.9857109,191.42505744287973,0,0,0.0,0.0,0.0,1.0,1.0
2015-12-14,195.60000610351562,0.007209110078650438,1.0276073298976616,True,0.98148876,191.97920828488168,0,0,0.0,0.0,0.0,0.0,0.0
2015-12-15,195.3000030517578,-0.0015337578854626166,1.0240655241925245,True,0.97777724,190.95989847553938,0,0,0.0,0.0,0.0,0.0,0.0
2015-12-16,199.39999389648438,0.020993296367947334,1.0170511998964178,True,0.97552013,194.5187087599479,0,0,0.0,0.0,0.0,0.0,0.0
2015-12-17,200.8000030517578,0.007021109318590124,1.0119521606574167,True,0.97338736,195.45618497356372,0,0,0.0,0.0,0.0,0.0,0.0
2015-12-18,198.89999389648438,-0.00946219684460714,1.0075414783611338,True,0.97158706,193.24866067823677,0,0,0.0,0.0,0.0,0.0,0.0
2015-12-21,201.0,0.010558100391941494,0.9960198853146377,False,0.9711631,195.20378190279007,0,0,0.0,0.0,0.0,0.0,0.0
2015-12-22,200.0,-0.00497512437810943,0.9965000152587891,False,0.9703898,194.07795667648315,0,0,0.0,0.0,0.0,0.0,0.0
2015-12-23,202.8000030517578,0.014000015258789134,0.9787968294524119,False,0.9683581,196.38302552580444,0,0,0.0,0.0,0.0,0.0,0.0
2015-12-24,203.1999969482422,0.001972356461860114,0.9488189269061191,False,0.9670668,196.5079757741796,0,0,0.0,0.0,0.0,0.0,0.0
2015-12-28,200.39999389648438,-0.013779542784496224,0.9565868402534177,False,0.9675001,193.88701225089972,0,0,0.0,0.0,0.0,0.0,0.0
2015-12-29,200.1999969482422,-0.0009979887940789745,0.9495504945120568,False,0.96693134,193.5796519334981,0,0,0.0,0.0,0.0,0.0,0.0
2015-12-30,199.3000030517578,-0.004495474076940398,0.9237330822102657,False,0.9670834,192.73972348062216,0,0,0.0,0.0,0.0,0.0,0.0
2015-12-31,198.5,-0.004014064423019881,0.9395465994962217,False,0.96905345,192.35710927844048,0,0,0.0,0.0,0.0,0.0,0.0
2016-01-04,192.8000030517578,-0.02871534986519997,0.9445020913958713,False,0.97232634,187.46452098984173,0,0,0.0,0.0,0.0,0.0,0.0
2016-01-05,191.6999969482422,-0.005705425757801086,0.9368805892678576,False,0.9756485,187.0318187622306,0,0,0.0,0.0,0.0,0.0,0.0
2016-01-06,190.10000610351562,-0.008346326918088343,0.9458179762174803,False,0.98010963,186.31884702820935,0,0,0.0,0.0,0.0,0.0,0.0
2016-01-07,184.10000610351562,-0.03156233459946767,0.9766431129321094,False,0.9847538,181.29317829244064,0,0,0.0,0.0,0.0,0.0,0.0
2016-01-08,186.5,0.013036359679069909,0.9404825409999162,False,0.98874885,184.40166023373604,0,0,0.0,0.0,0.0,0.0,0.0
2016-01-11,182.10000610351562,-0.02359246057096176,0.9472816815939125,False,0.99206185,180.65446956080996,0,0,0.0,0.0,0.0,0.0,0.0
2016-01-12,179.60000610351562,-0.013728720023100216,0.9860801786467698,False,0.99389887,178.50424285979534,0,0,0.0,0.0,0.0,0.0,0.0
2016-01-13,179.8000030517578,0.0011135687162890928,0.9349277155191471,False,0.9940061,178.72229933101607,0,0,0.0,0.0,0.0,0.0,0.0
2016-01-14,179.8000030517578,0.0,0.9037819646377994,False,0.9954826,178.98777875713768,0,0,0.0,0.0,0.0,0.0,0.0
2016-01-15,175.39999389648438,-0.024471685654014363,0.9469784029841112,False,0.99806386,175.0603953598893,0,0,0.0,0.0,0.0,0.0,0.0
2016-01-18,172.5,-0.016533603177864786,0.9791303993999093,False,0.9999041,172.48345658183098,0,0,0.0,0.0,0.0,0.0,0.0
2016-01-19,177.10000610351562,0.02666670204936583,0.9209486193251911,False,1.0021949,177.48871961979603,1,1,0.0,0.0,0.0,0.0,1.0
2016-01-20,168.10000610351562,-0.05081874471952008,0.9625222913562639,False,1.0062199,169.14556526165688,1,1,1.0,0.0,0.0,0.0,2.0
2016-01-21,162.5,-0.03331353896600786,0.9981538273737982,False,1.0093787,164.0240341424942,1,1,1.0,1.0,0.0,0.0,3.0
2016-01-22,166.10000610351562,0.022153883713942335,1.0252859530036662,True,1.0114521,168.00219646529513,1,1,1.0,1.0,1.0,0.0,4.0
2016-01-25,168.89999389648438,0.016857240759062808,0.9952635416111439,False,1.0125422,171.01837946866,1,1,1.0,1.0,1.0,1.0,5.0
2016-01-26,163.10000610351562,-0.03433977502997099,1.0331084837180027,True,1.012837,165.19372941938127,1,1,1.0,1.0,1.0,1.0,5.0
2016-01-27,161.8000030517578,-0.007970588615016538,1.0271940285135648,True,1.012299,163.78997184215223,1,1,1.0,1.0,1.0,1.0,5.0
2016-01-28,162.1999969482422,0.002472150117057925,1.0203452719719275,True,1.0107307,163.9405234963051,1,1,1.0,1.0,1.0,1.0,5.0
2016-01-29,170.3000030517578,0.049938386288011616,0.9806224134314614,False,1.0086616,171.77507828733178,1,1,1.0,1.0,1.0,1.0,5.0
2016-02-01,168.10000610351562,-0.012918361179204196,0.9708506307117204,False,1.0080526,169.45364611295372,1,1,1.0,1.0,1.0,1.0,5.0
2016-02-02,168.5,0.002379499595247303,0.9673590504451038,False,1.0084878,169.93019777536392,1,1,1.0,1.0,1.0,1.0,5.0
2016-02-03,166.1999969482422,-0.013649869743369791,1.0078219198292926,True,1.0089891,167.693984624133,1,1,1.0,1.0,1.0,1.0,5.0
2016-02-04,165.5,-0.00421177473583334,1.0211480362537764,True,1.0091796,167.01922249794006,1,1,1.0,1.0,1.0,1.0,5.0
2016-02-05,167.0,0.009063444108761365,1.012574886847399,True,1.0092942,168.55212342739105,1,1,1.0,1.0,1.0,1.0,5.0
2016-02-11,163.1999969482422,-0.022754509291962988,1.0477941372402815,True,1.008633,164.60890538442072,1,1,1.0,1.0,1.0,1.0,5.0
2016-02-12,163.0,-0.0012254715194977006,1.0503067297438171,True,1.0068879,164.1227297782898,1,1,1.0,1.0,1.0,1.0,5.0
2016-02-15,167.5,0.027607361963190247,1.0370149071536847,True,1.0049403,168.32749545574188,1,1,1.0,1.0,1.0,1.0,5.0
2016-02-16,169.0,0.008955223880596996,1.025443805039987,True,1.0039412,169.6660591363907,1,1,1.0,1.0,1.0,1.0,5.0
2016-02-17,169.10000610351562,0.0005917520918083952,1.0189236950487353,True,1.0036001,169.70878650955274,1,1,1.0,1.0,1.0,1.0,5.0
2016-02-18,171.0,0.011235918556509628,0.9842105441623265,False,1.0036732,171.62811648845673,1,1,1.0,1.0,1.0,1.0,5.0
2016-02-19,171.1999969482422,0.0011695727967380165,1.01226639101022,True,1.0048736,172.03436296883046,1,1,1.0,1.0,1.0,1.0,5.0
2016-02-22,173.6999969482422,0.014602803998622793,0.9723661304773189,False,1.0055985,174.672464210591,1,1,1.0,1.0,1.0,1.0,5.0
2016-02-23,173.3000030517578,-0.0023027858578694715,0.9757645881460959,False,1.0081668,174.7153077851617,1,1,1.0,1.0,1.0,1.0,5.0
2016-02-24,172.3000030517578,-0.00577034034847268,1.015670324436565,True,1.0116144,174.30117142168638,1,1,1.0,1.0,1.0,1.0,5.0
2016-02-25,168.3000030517578,-0.023215321701407166,1.029708852699559,True,1.014683,170.7711533756119,1,1,1.0,1.0,1.0,1.0,5.0
2016-02-26,173.3000030517578,0.02970885269955903,1.0098095609827225,True,1.0170922,176.26208620519174,1,1,1.0,1.0,1.0,1.0,5.0
2016-02-29,168.89999389648438,-0.0253895503623236,1.0248668582522589,True,1.0193746,172.1723652372384,1,1,1.0,1.0,1.0,1.0,5.0
2016-03-01,169.10000610351562,0.001184204939366884,1.0183322929203733,True,1.0200741,172.49454145762866,1,1,1.0,1.0,1.0,1.0,5.0
2016-03-02,175.0,0.03489055992625256,0.9811428397042411,False,1.0199469,178.49071323871613,1,1,1.0,1.0,1.0,1.0,5.0
2016-03-03,173.3000030517578,-0.00971426827566968,0.9867281995888316,False,1.0197022,176.71439369969085,1,1,1.0,1.0,1.0,1.0,5.0
2016-03-04,175.0,0.009809560982722454,0.9874285888671874,False,1.0187714,178.28499674797058,1,1,1.0,1.0,1.0,1.0,5.0
2016-03-07,173.10000610351562,-0.010857107979910685,1.0138647822753348,True,1.017642,176.15384007731336,1,1,1.0,1.0,1.0,1.0,5.0
2016-03-08,172.1999969482422,-0.005199359465852482,1.0121951576116859,True,1.0157062,174.90460135911962,1,1,1.0,1.0,1.0,1.0,5.0
2016-03-09,171.6999969482422,-0.0029036005160342215,1.0122306705931314,True,1.0136828,174.04934092160693,1,1,1.0,1.0,1.0,1.0,5.0
2016-03-10,171.0,-0.004076860574745322,1.024561385662235,True,1.0122927,173.10205900669098,1,1,1.0,1.0,1.0,1.0,5.0
2016-03-11,172.8000030517578,0.010526333636010632,1.0162037210781711,True,1.0116581,174.81451801043113,1,1,1.0,1.0,1.0,1.0,5.0
2016-03-14,175.5,0.015624982063417336,1.0564102216323896,True,1.0126367,177.71773409843445,1,1,1.0,1.0,1.0,1.0,5.0
2016-03-15,174.3000030517578,-0.006837589448673409,1.0682730561568075,True,1.0134692,176.64768800077582,1,1,1.0,1.0,1.0,1.0,5.0
2016-03-16,173.8000030517578,-0.0028686172762230067,1.0609895895201444,True,1.0142843,176.2826062876793,1,1,1.0,1.0,1.0,1.0,5.0
2016-03-17,175.1999969482422,0.008055200643854121,1.0399543385954964,True,1.01507,177.8402541654359,1,1,1.0,1.0,1.0,1.0,5.0
2016-03-18,175.60000610351562,0.0022831573187276355,1.0358769224031514,True,1.016429,178.48492937578703,1,1,1.0,1.0,1.0,1.0,5.0
2016-03-21,185.39999389648438,0.055808584580524956,1.0048544184730446,True,1.0170461,188.56033960905552,1,1,1.0,1.0,1.0,1.0,5.0
2016-03-22,186.1999969482422,0.004315011208708475,1.0032223744003734,True,1.0183065,189.6086660303299,1,1,1.0,1.0,1.0,1.0,5.0
2016-03-23,184.39999389648438,-0.009667041252735098,0.9989154178152821,False,1.0201634,188.1181278428594,1,1,1.0,1.0,1.0,1.0,5.0
2016-03-24,182.1999969482422,-0.011930569528528223,0.9983534409616756,False,1.0218107,186.17389746208755,1,1,1.0,1.0,1.0,1.0,5.0
2016-03-29,181.89999389648438,-0.0016465590383244466,1.0038483355168755,True,1.0228124,186.0495632209786,1,1,1.0,1.0,1.0,1.0,5.0
2016-03-30,186.3000030517578,0.024189166041299615,0.9940955121551446,False,1.0230591,190.59591898802682,1,1,1.0,1.0,1.0,1.0,5.0
2016-03-31,186.8000030517578,0.002683843219589699,0.9935760335726029,False,1.0221785,190.94295265290384,1,1,1.0,1.0,1.0,1.0,5.0
2016-04-01,184.1999969482422,-0.013918661996998094,1.0162866452209711,True,1.0197659,187.84086717295577,1,1,1.0,1.0,1.0,1.0,5.0
2016-04-05,181.89999389648438,-0.012486444570376842,1.033534943970295,True,1.0153441,184.69109339885472,1,1,1.0,1.0,1.0,1.0,5.0
2016-04-06,182.60000610351562,0.0038483355168752453,1.0607885568110769,True,1.0096647,184.36477211652164,1,1,1.0,1.0,1.0,1.0,5.0
2016-04-07,185.1999969482422,0.014238722660571135,1.0469762261965565,True,1.0034239,185.83410862831443,1,1,1.0,1.0,1.0,1.0,5.0
2016-04-08,185.60000610351562,0.002159876683935469,1.0387930857298922,True,0.9973128,185.1012588336962,0,0,1.0,1.0,1.0,1.0,4.0
2016-04-11,187.1999969482422,0.008620640043698113,1.029380342359304,True,0.99170804,185.64774210599353,0,0,0.0,1.0,1.0,1.0,3.0
2016-04-12,188.0,0.004273520645296847,1.0425531914893618,True,0.9881184,185.76626110076904,0,0,0.0,0.0,1.0,1.0,2.0
2016-04-13,193.6999969482422,0.030319132703415796,1.0118740479504105,True,0.9856757,190.925378640497,0,0,0.0,0.0,0.0,1.0,1.0
2016-04-14,193.89999389648438,0.0010325087836506874,1.0366168454203564,True,0.98403883,190.80512309279584,0,0,0.0,0.0,0.0,0.0,0.0
2016-04-15,192.8000030517578,-0.005672980295779673,1.05809126955893,True,0.98233634,189.3944497999919,0,0,0.0,0.0,0.0,0.0,0.0
2016-04-18,192.6999969482422,-0.0005187038481985207,1.0363258957491326,True,0.98067707,188.97646805580462,0,0,0.0,0.0,0.0,0.0,0.0
2016-04-19,196.0,0.017125080975710416,1.022448948451451,True,0.98008716,192.097083568573,0,0,0.0,0.0,0.0,0.0,0.0
2016-04-20,196.0,0.0,1.016326515042052,True,0.9797256,192.02621746063232,0,0,0.0,0.0,0.0,0.0,0.0
2016-04-21,201.0,0.025510204081632626,0.9860696365584188,False,0.9797293,196.92558825016022,0,0,0.0,0.0,0.0,0.0,0.0
2016-04-22,204.0,0.014925373134328401,0.9622549169203813,False,0.9807901,200.08117604255676,0,0,0.0,0.0,0.0,0.0,0.0
2016-04-25,199.6999969482422,-0.021078446332146172,0.9389083768919428,False,0.9823828,196.18183704030525,0,0,0.0,0.0,0.0,0.0,0.0
2016-04-26,200.39999389648438,0.003505242658684793,0.9356287710111019,False,0.98371065,197.13560758042513,0,0,0.0,0.0,0.0,0.0,0.0
2016-04-27,199.1999969482422,-0.005988008906138154,0.9457831163794448,False,0.98535526,196.28276438413923,0,0,0.0,0.0,0.0,0.0,0.0
2016-04-28,198.1999969482422,-0.0050200803981931275,0.9328960481506415,False,0.9872398,195.6709209950759,0,0,0.0,0.0,0.0,0.0,0.0
2016-04-29,196.3000030517578,-0.009586245841267771,0.9409067451697539,False,0.99012583,194.36170442071216,0,0,0.0,0.0,0.0,0.0,0.0
2016-05-03,187.5,-0.04482935769205032,0.990933349609375,False,0.9935102,186.2831600010395,0,0,0.0,0.0,0.0,0.0,0.0
2016-05-04,187.5,0.0,0.990933349609375,False,0.9969768,186.93314865231514,0,0,0.0,0.0,0.0,0.0,0.0
2016-05-05,188.39999389648438,0.004799967447916664,0.963906645364835,False,1.0006264,188.5180160961063,1,1,0.0,0.0,0.0,0.0,1.0
2016-05-06,184.89999389648438,-0.018577495293991664,0.9707950563832494,False,1.0051551,185.85316936207528,1,1,1.0,0.0,0.0,0.0,2.0
2016-05-09,184.6999969482422,-0.0010816492960737945,0.9729290737270497,False,1.0092657,186.4113645509242,1,1,1.0,1.0,0.0,0.0,3.0
2016-05-10,185.8000030517578,0.005955636825613286,0.9843917701418682,False,1.0131246,188.2385510129916,1,1,1.0,1.0,1.0,0.0,4.0
2016-05-11,185.8000030517578,0.0,0.9682453764350591,False,1.0163743,188.84235725631515,1,1,1.0,1.0,1.0,1.0,5.0
2016-05-12,181.60000610351562,-0.022604934764571594,0.9785241793821837,False,1.0192125,185.08899338050833,1,1,1.0,1.0,1.0,1.0,5.0
2016-05-13,179.5,-0.011563909872990719,0.9922005911059365,False,1.020193,183.1246400475502,1,1,1.0,1.0,1.0,1.0,5.0
2016-05-16,179.6999969482422,0.0011141891266974735,0.9872008731729681,False,1.0189935,183.11312828228074,1,1,1.0,1.0,1.0,1.0,5.0
2016-05-17,182.89999389648438,0.017807440192466162,0.9644614531606885,False,1.0163852,185.89684644473527,1,1,1.0,1.0,1.0,1.0,5.0
2016-05-18,179.89999389648438,-0.0164024062335284,0.9933296443082001,False,1.0126921,182.18330150248585,1,1,1.0,1.0,1.0,1.0,5.0
2016-05-19,177.6999969482422,-0.012228999571328947,1.0039392063042414,True,1.0075544,179.04241591770733,1,1,1.0,1.0,1.0,1.0,5.0
2016-05-20,178.10000610351562,0.0022510363654646426,1.023582239215652,True,1.0025663,178.5570708431478,1,1,1.0,1.0,1.0,1.0,5.0
2016-05-23,177.39999389648438,-0.003930444598774341,1.0321308478192919,True,0.9986522,177.1608976923235,0,0,1.0,1.0,1.0,1.0,4.0
2016-05-24,176.39999389648438,-0.00563697877342384,1.0544218051909295,True,0.99586725,175.67097723622283,0,0,0.0,1.0,1.0,1.0,3.0
2016-05-25,178.6999969482422,0.013038566504188775,1.0391717969756173,True,0.99449384,177.71604655277224,0,0,0.0,0.0,1.0,1.0,2.0
2016-05-26,178.39999389648438,-0.001678808376503249,1.0549327544116633,True,0.99505657,177.51808593906208,0,0,0.0,0.0,0.0,1.0,1.0
2016-05-27,182.3000030517578,0.021861038613804062,1.0422380516694563,True,0.99585086,181.54361501261974,0,0,0.0,0.0,0.0,0.0,0.0
2016-05-30,183.10000610351562,0.0043883874841772474,1.0469688179030674,True,0.99699056,182.54897789310417,0,0,0.0,0.0,0.0,0.0,0.0
2016-05-31,186.0,0.01583830584279089,1.0424730854649698,True,0.997926,185.61423540115356,0,0,0.0,0.0,0.0,0.0,0.0
2016-06-01,185.6999969482422,-0.001612919633106502,1.0312331887295312,True,0.998608,185.44150127597277,0,0,0.0,0.0,0.0,0.0,0.0
2016-06-02,188.1999969482422,0.013462574265398652,0.9930924385077683,False,0.99944836,188.0961781160977,0,0,0.0,0.0,0.0,0.0,0.0
2016-06-03,190.0,0.009564309675588634,0.9652631257709704,False,1.0013763,190.26149153709412,1,1,0.0,0.0,0.0,0.0,1.0
2016-06-06,191.6999969482422,0.008947352359169436,0.9561815647876493,False,1.0032579,192.3245307465313,1,1,1.0,0.0,0.0,0.0,2.0
2016-06-07,193.89999389648438,0.01147624926064128,0.9360495395213666,False,1.0046155,194.7949480967145,1,1,1.0,1.0,0.0,0.0,3.0
2016-06-08,191.5,-0.012377483094536013,0.9342036234803361,False,1.0055962,192.57166481018066,1,1,1.0,1.0,1.0,0.0,4.0
2016-06-10,186.89999389648438,-0.02402091960060382,0.9588015131102311,False,1.0057632,187.9771309143216,1,1,1.0,1.0,1.0,1.0,5.0
2016-06-13,183.39999389648438,-0.01872659237184615,0.9929117348078949,False,1.0051526,184.34497760965678,1,1,1.0,1.0,1.0,1.0,5.0
2016-06-14,183.3000030517578,-0.0005452063688889952,0.997272231360199,False,1.0044578,184.11712355782038,1,1,1.0,1.0,1.0,1.0,5.0
2016-06-15,181.5,-0.009819983752261896,1.0264462978058282,True,1.0045654,182.32861250638962,1,1,1.0,1.0,1.0,1.0,5.0
2016-06-16,178.89999389648438,-0.014325102498708664,1.0396870114351366,True,1.0049341,179.78269943563646,1,1,1.0,1.0,1.0,1.0,5.0
2016-06-17,179.1999969482422,0.001676931593029618,1.0195312503326153,True,1.0057012,180.22164915252324,1,1,1.0,1.0,1.0,1.0,5.0
2016-06-20,182.10000610351562,0.016183087079577607,1.0126303553864864,True,1.0071027,183.3934128956389,1,1,1.0,1.0,1.0,1.0,5.0
2016-06-21,182.8000030517578,0.0038440248477766836,1.0082056891409095,True,1.0083011,184.31745126396527,1,1,1.0,1.0,1.0,1.0,5.0
2016-06-22,186.3000030517578,0.01914660799545498,1.0005367195012809,True,1.0094352,188.05777652758843,1,1,1.0,1.0,1.0,1.0,5.0
2016-06-23,186.0,-0.001610322312632806,1.0086021833522345,True,1.0102077,187.8986234664917,1,1,1.0,1.0,1.0,1.0,5.0
2016-06-24,182.6999969482422,-0.017741951891171004,1.0268199739306048,True,1.0106388,184.64371171327184,1,1,1.0,1.0,1.0,1.0,5.0
2016-06-27,184.39999389648438,0.009304854825606723,1.0027114968359525,True,1.0104462,186.32627142252386,1,1,1.0,1.0,1.0,1.0,5.0
2016-06-28,184.3000030517578,-0.0005422497182006047,0.9956592347340703,False,1.0109245,186.3133807873328,1,1,1.0,1.0,1.0,1.0,5.0
2016-06-29,186.39999389648438,0.011394415680703096,0.9887339543267755,False,1.0112767,188.50197479994677,1,1,1.0,1.0,1.0,1.0,5.0
2016-06-30,187.60000610351562,0.00643783393951014,0.9786780390732353,False,1.011378,189.73452832490875,1,1,1.0,1.0,1.0,1.0,5.0
2016-07-04,187.60000610351562,0.0,0.9866737744207721,False,1.0111636,189.69429609436702,1,1,1.0,1.0,1.0,1.0,5.0
2016-07-05,184.89999389648438,-0.014392388695027125,1.01027587462408,True,1.0106567,186.87042033128455,1,1,1.0,1.0,1.0,1.0,5.0
2016-07-06,183.5,-0.007571627597068309,1.025613062388241,True,1.0094137,185.22741746902466,1,1,1.0,1.0,1.0,1.0,5.0
2016-07-07,184.3000030517578,0.004359689655355936,1.0314704446864766,True,1.0074766,185.67793459789755,1,1,1.0,1.0,1.0,1.0,5.0
2016-07-08,183.60000610351562,-0.0037981385602343654,1.0337690454364503,True,1.0056736,184.64168771391996,1,1,1.0,1.0,1.0,1.0,5.0
2016-07-11,185.10000610351562,0.008169934368925214,1.0291733858369754,True,1.0043252,185.90059166210267,1,1,1.0,1.0,1.0,1.0,5.0
2016-07-12,186.8000030517578,0.009184207953464307,1.0144539448829348,True,1.0036676,187.48510943578367,1,1,1.0,1.0,1.0,1.0,5.0
2016-07-13,188.1999969482422,0.007494613884435841,1.0196599203413363,True,1.0035608,188.8701360117011,1,1,1.0,1.0,1.0,1.0,5.0
2016-07-14,190.10000610351562,0.010095691743267965,1.0073645126330086,True,1.0035654,190.77779449016452,1,1,1.0,1.0,1.0,1.0,5.0
2016-07-15,189.8000030517578,-0.0015781327834069048,1.0136985816803046,True,1.004551,190.66379293400132,1,1,1.0,1.0,1.0,1.0,5.0
2016-07-18,190.5,0.0036880765910805025,1.0073490493253772,True,1.0056342,191.57331293821335,1,1,1.0,1.0,1.0,1.0,5.0
2016-07-19,189.5,-0.005249343832021025,1.0221635722862383,True,1.0070413,190.8343330025673,1,1,1.0,1.0,1.0,1.0,5.0
2016-07-20,191.89999389648438,0.012664875443189283,1.009379901558146,True,1.0084592,193.52331631980996,1,1,1.0,1.0,1.0,1.0,5.0
2016-07-21,191.5,-0.0020843872287986676,1.003133191141074,True,1.0091687,193.25581449270248,1,1,1.0,1.0,1.0,1.0,5.0
2016-07-22,192.39999389648438,0.00469970703125,0.9953222768969079,False,1.0085555,194.0460781052061,1,1,1.0,1.0,1.0,1.0,5.0
2016-07-25,191.89999389648438,-0.0025987526811929174,1.0020844667430746,True,1.0071411,193.27037349157035,1,1,1.0,1.0,1.0,1.0,5.0
2016-07-26,193.6999969482422,0.009379901558145942,0.992772359739074,False,1.0046709,194.60474220280958,1,1,1.0,1.0,1.0,1.0,5.0
2016-07-27,193.6999969482422,0.0,0.9819308205723142,False,1.0015099,193.99246551529723,1,1,1.0,1.0,1.0,1.0,5.0
2016-07-28,192.10000610351562,-0.008260149044576837,0.9968765950835405,False,0.99929345,191.9642771796971,0,0,1.0,1.0,1.0,1.0,4.0
2016-07-29,191.5,-0.003123404916459571,1.005744157198515,True,0.99735105,190.99272614717484,0,0,0.0,1.0,1.0,1.0,3.0
2016-08-01,192.3000030517578,0.004177561627978221,1.0135204929977395,True,0.99570864,191.47477535487906,0,0,0.0,0.0,1.0,1.0,2.0
2016-08-02,192.3000030517578,0.0,1.008840337604075,True,0.99415416,191.1758470893319,0,0,0.0,0.0,0.0,1.0,1.0
2016-08-03,190.1999969482422,-0.010920468383718185,1.009989533048155,True,0.99349797,188.96331042843485,0,0,0.0,0.0,0.0,0.0,0.0
2016-08-04,191.5,0.006834926775059591,1.0323759631761995,True,0.9934165,190.23925748467445,0,0,0.0,0.0,0.0,0.0,0.0
2016-08-05,192.60000610351562,0.005744157198515065,1.0233644852408852,True,0.993426,191.3338584617868,0,0,0.0,0.0,0.0,0.0,0.0
2016-08-08,194.89999389648438,0.011941784631785524,1.0271934490391659,True,0.9941142,193.75285543815517,0,0,0.0,0.0,0.0,0.0,0.0
2016-08-09,194.0,-0.004617721522158558,1.0340206500181217,True,0.9956666,193.15932488441467,0,0,0.0,0.0,0.0,0.0,0.0
2016-08-10,192.10000610351562,-0.009793782971568965,0.9953148926253108,False,0.9979072,191.69798330579397,0,0,0.0,0.0,0.0,0.0,0.0
2016-08-11,197.6999969482422,0.029151435017180205,0.9691452152812954,False,1.0013274,197.96242302251085,1,1,0.0,0.0,0.0,0.0,1.0
2016-08-12,197.10000610351562,-0.003034855103632772,0.9700659108443923,False,1.0053449,198.1534795610496,1,1,1.0,0.0,0.0,0.0,2.0
2016-08-15,200.1999969482422,0.01572800988701384,0.957542456895254,False,1.0107528,202.3527069002066,1,1,1.0,1.0,0.0,0.0,3.0
2016-08-16,200.60000610351562,0.0019980477590959556,0.9456629669809247,False,1.0153441,203.6780412656808,1,1,1.0,1.0,1.0,0.0,4.0
2016-08-17,191.1999969482422,-0.046859465948484336,0.989016784109599,False,1.0182589,194.69110416562216,1,1,1.0,1.0,1.0,1.0,5.0
2016-08-18,191.60000610351562,0.002092098125826336,0.9869519837141899,False,1.0191978,195.27830884253126,1,1,1.0,1.0,1.0,1.0,5.0
2016-08-19,191.1999969482422,-0.002087730388992348,0.9864017213063534,False,1.0199288,195.0103859293249,1,1,1.0,1.0,1.0,1.0,5.0
2016-08-22,191.6999969482422,0.002615062803245527,0.9806990244802082,False,1.0190543,195.35270497944475,1,1,1.0,1.0,1.0,1.0,5.0
2016-08-23,189.6999969482422,-0.010432968345534088,1.0021086408102715,True,1.018813,193.26882565240703,1,1,1.0,1.0,1.0,1.0,5.0
2016-08-24,189.10000610351562,-0.003162840560773761,1.003172875861242,True,1.0191265,192.71683388701422,1,1,1.0,1.0,1.0,1.0,5.0
2016-08-25,189.10000610351562,0.0,1.0058169794247622,True,1.0197372,192.8323189986404,1,1,1.0,1.0,1.0,1.0,5.0
2016-08-26,188.60000610351562,-0.0026441035635201837,1.0116648826990742,True,1.0196263,192.3015188222962,1,1,1.0,1.0,1.0,1.0,5.0
2016-08-29,188.0,-0.003181368420456465,1.0340425207259807,True,1.0185916,191.49522876739502,1,1,1.0,1.0,1.0,1.0,5.0
2016-08-30,190.10000610351562,0.011170245231466147,1.0420831127992902,True,1.0165757,193.25104565008587,1,1,1.0,1.0,1.0,1.0,5.0
2016-08-31,189.6999969482422,-0.002104203800265103,1.0437533114669602,True,1.014173,192.38862085785513,1,1,1.0,1.0,1.0,1.0,5.0
2016-09-01,190.1999969482422,0.002635740685522636,1.0441640866984834,True,1.0119034,192.46402457896147,1,1,1.0,1.0,1.0,1.0,5.0
2016-09-02,190.8000030517578,0.003154606273095162,1.0985325091774658,True,1.009666,192.6442694005309,1,1,1.0,1.0,1.0,1.0,5.0
2016-09-05,194.39999389648438,0.018867876242905535,1.0339506497465738,True,1.007158,195.79151702326635,1,1,1.0,1.0,1.0,1.0,5.0
2016-09-06,198.10000610351562,0.01903298520164287,0.9994951736474791,False,1.0062895,199.3459525492217,1,1,1.0,1.0,1.0,1.0,5.0
2016-09-07,198.0,-0.0005048263525210261,1.0065656719785747,True,1.0061532,199.21833872795105,1,1,1.0,1.0,1.0,1.0,5.0
2016-09-08,198.60000610351562,0.003030333856139489,1.0251762328617144,True,1.0059695,199.78555368252273,1,1,1.0,1.0,1.0,1.0,5.0
2016-09-09,209.60000610351562,0.05538771229577155,0.97423659829186,False,1.0060332,210.86456111775624,1,1,1.0,1.0,1.0,1.0,5.0
2016-09-12,201.0,-0.041030562276168636,1.030845755961404,True,1.006847,202.37625181674957,1,1,1.0,1.0,1.0,1.0,5.0
2016-09-13,198.0,-0.014925373134328401,1.0505050505050506,True,1.006149,199.21751260757446,1,1,1.0,1.0,1.0,1.0,5.0
2016-09-14,199.3000030517578,0.006565671978574716,1.0376317104122283,True,1.0044863,200.19412712035773,1,1,1.0,1.0,1.0,1.0,5.0
2016-09-15,203.60000610351562,0.021575529282059858,1.0068761977137297,True,1.0029174,204.19399058215276,1,1,1.0,1.0,1.0,1.0,5.0
2016-09-19,204.1999969482422,0.0029469097580552273,0.9941234232802347,False,1.0014781,204.50182005908027,1,1,1.0,1.0,1.0,1.0,5.0
2016-09-20,207.1999969482422,0.014691479161776932,0.9913127264562295,False,1.0005186,207.30744266351758,1,1,1.0,1.0,1.0,1.0,5.0
2016-09-21,208.0,0.0038610186464320684,0.9923076629638673,False,0.99990946,207.98116779327393,0,0,1.0,1.0,1.0,1.0,4.0
2016-09-22,206.8000030517578,-0.005769216097318175,1.0,False,1.000059,206.81220603007205,1,1,0.0,1.0,1.0,1.0,4.0
2016-09-23,205.0,-0.00870407652415417,0.9941463563500382,False,1.0002949,205.06045937538147,1,1,1.0,0.0,1.0,1.0,4.0
2016-09-26,203.0,-0.009756097560975618,1.0137931184815656,True,1.0012501,203.25378000736237,1,1,1.0,1.0,0.0,1.0,4.0
2016-09-27,205.39999389648438,0.011822630031942838,1.0087634036282638,True,1.0020375,205.8185015554045,1,1,1.0,1.0,1.0,0.0,4.0
2016-09-28,206.39999389648438,0.004868549317016857,1.004844961383582,True,1.002732,206.96388662578102,1,1,1.0,1.0,1.0,1.0,5.0
2016-09-29,206.8000030517578,0.001938028910378975,1.006769796304761,True,1.0030551,207.43179684617644,1,1,1.0,1.0,1.0,1.0,5.0
2016-09-30,203.8000030517578,-0.014506769611841608,1.0245338563549,True,1.0028056,204.37178243062772,1,1,1.0,1.0,1.0,1.0,5.0
2016-10-03,205.8000030517578,0.009813542541959874,1.0048590864196854,True,1.0019029,206.19162767514172,1,1,1.0,1.0,1.0,1.0,5.0
2016-10-04,207.1999969482422,0.006802691330049626,0.9942085088517548,False,1.00118,207.44450387594588,1,1,1.0,1.0,1.0,1.0,5.0
2016-10-05,207.39999389648438,0.0009652362509067203,0.9797492908782897,False,1.0004119,207.48541533695607,1,1,1.0,1.0,1.0,1.0,5.0
2016-10-06,208.1999969482422,0.0038572954450379893,0.9865513780365046,False,0.99947333,208.09034495514425,0,0,1.0,1.0,1.0,1.0,4.0
2016-10-07,208.8000030517578,0.0028818737382825255,0.9741378875653807,False,0.99828833,208.4426070637919,0,0,0.0,1.0,1.0,1.0,3.0
2016-10-11,206.8000030517578,-0.009578543921305527,0.993230129909993,False,0.99750197,206.28341030312185,0,0,0.0,0.0,1.0,1.0,2.0
2016-10-12,206.0,-0.0038684866535402262,0.9970873490120601,False,0.9965756,205.29457235336304,0,0,0.0,0.0,0.0,1.0,1.0
2016-10-13,203.1999969482422,-0.013592247824067094,1.0167323287713408,True,0.99602944,202.39317847509938,0,0,0.0,0.0,0.0,0.0,0.0
2016-10-14,205.39999389648438,0.01082675679765166,1.005842318610954,True,0.996201,204.61967495614408,0,0,0.0,0.0,0.0,0.0,0.0
2016-10-17,203.39999389648438,-0.009737098634033714,1.022615566575959,True,0.9975761,202.9069762139443,0,0,0.0,0.0,0.0,0.0,0.0
2016-10-18,205.39999389648438,0.009832841986307406,1.0155794172449877,True,0.9985833,205.1090071764629,0,0,0.0,0.0,0.0,0.0,0.0
2016-10-19,205.39999389648438,0.0,1.0048685493170169,True,0.999391,205.27490927352665,0,0,0.0,0.0,0.0,0.0,0.0
2016-10-20,206.60000610351562,0.005842318610953967,0.9951597290878155,False,1.0002775,206.6573415773164,1,1,0.0,0.0,0.0,0.0,1.0
2016-10-21,206.60000610351562,0.0,0.987415266085651,False,1.0009562,206.79755242454485,1,1,1.0,0.0,0.0,0.0,2.0
2016-10-24,208.0,0.006776349734389342,0.9874999706561749,False,1.0011429,208.23771476745605,1,1,1.0,1.0,0.0,0.0,3.0
2016-10-25,208.60000610351562,0.002884644728440522,0.9875359250841756,False,1.0010722,208.82366042791546,1,1,1.0,1.0,1.0,0.0,4.0
2016-10-26,206.39999389648438,-0.010546558689646046,0.9835271608671192,False,1.0011402,206.6353387763047,1,1,1.0,1.0,1.0,1.0,5.0
2016-10-27,205.60000610351562,-0.003875909964270452,0.9737353648104726,False,1.0013493,205.87742834914752,1,1,1.0,1.0,1.0,1.0,5.0
2016-10-28,204.0,-0.007782130622652095,0.9789215536678538,False,1.0017072,204.34826803207397,1,1,1.0,1.0,1.0,1.0,5.0
2016-10-31,205.39999389648438,0.006862715178844958,0.9863681213428863,False,1.0022324,205.85853549071544,1,1,1.0,1.0,1.0,1.0,5.0
2016-11-01,206.0,0.0029211593054769835,0.9883495441918235,False,1.0028516,206.5874307155609,1,1,1.0,1.0,1.0,1.0,5.0
2016-11-02,203.0,-0.014563106796116498,0.99704430490879,False,1.0032178,203.65321671962738,1,1,1.0,1.0,1.0,1.0,5.0
2016-11-03,200.1999969482422,-0.013793118481565614,1.0229770538143659,True,1.0033525,200.87117201258843,1,1,1.0,1.0,1.0,1.0,5.0
2016-11-04,199.6999969482422,-0.002497502535573237,1.032548823732254,True,1.0029963,200.29836314002205,1,1,1.0,1.0,1.0,1.0,5.0
2016-11-07,202.60000610351562,0.014521828741064224,1.0078972892227311,True,1.0021582,203.03725034123636,1,1,1.0,1.0,1.0,1.0,5.0
2016-11-08,203.60000610351562,0.004935834007275819,0.9990176218023807,False,1.0008628,203.77567968895164,1,1,1.0,1.0,1.0,1.0,5.0
2016-11-09,202.39999389648438,-0.0058939694059789716,1.0049407116114413,True,0.9991405,202.22603130865173,0,0,1.0,1.0,1.0,1.0,4.0
2016-11-10,204.8000030517578,0.011857753101024882,0.9960937351570467,False,0.996537,204.09078673259592,0,0,0.0,1.0,1.0,1.0,3.0
2016-11-11,206.1999969482422,0.00683590759581465,0.9844811008942672,False,0.99384457,204.93074703902948,0,0,0.0,0.0,1.0,1.0,2.0
2016-11-14,204.1999969482422,-0.009699321191076526,0.9911850975579884,False,0.9911475,202.39232018311304,0,0,0.0,0.0,0.0,1.0,1.0
2016-11-15,203.39999389648438,-0.003917742721419315,1.00196661340844,True,0.9885724,201.07562392772343,0,0,0.0,0.0,0.0,0.0,0.0
2016-11-16,203.39999389648438,0.0,1.0009833442135354,True,0.98622733,200.59863362373835,0,0,0.0,0.0,0.0,0.0,0.0
2016-11-17,204.0,0.0029498826033445003,0.9990196228027343,False,0.9847415,200.88726782798767,0,0,0.0,0.0,0.0,0.0,0.0
2016-11-18,203.0,-0.004901960784313708,1.0098522167487685,True,0.9832673,199.6032633781433,0,0,0.0,0.0,0.0,0.0,0.0
2016-11-21,202.39999389648438,-0.0029556950912099644,1.0118577531010249,True,0.98169434,198.69492856708166,0,0,0.0,0.0,0.0,0.0,0.0
2016-11-22,203.8000030517578,0.0069170414895836085,0.9990186607200816,False,0.9802937,199.7838572496794,0,0,0.0,0.0,0.0,0.0,0.0
2016-11-23,203.60000610351562,-0.0009813392799183918,1.0019646065053702,True,0.9792315,199.37153464992662,0,0,0.0,0.0,0.0,0.0,0.0
2016-11-24,203.8000030517578,0.0009823032526850017,1.001962678559837,True,0.978155,199.3479954291306,0,0,0.0,0.0,0.0,0.0,0.0
2016-11-25,205.0,0.005888110550898329,0.9892683075695503,False,0.9774294,200.37302494049072,0,0,0.0,0.0,0.0,0.0,0.0
2016-11-28,204.8000030517578,-0.0009755948694740724,0.963867143334938,False,0.9772814,200.14723198633237,0,0,0.0,0.0,0.0,0.0,0.0
2016-11-29,203.60000610351562,-0.005859360011527537,0.9646364833438631,False,0.9782812,199.17805827712982,0,0,0.0,0.0,0.0,0.0,0.0
2016-11-30,204.0,0.0019646065053702255,0.9490196377623314,False,0.9797711,199.87329983711243,0,0,0.0,0.0,0.0,0.0,0.0
2016-12-01,204.1999969482422,0.000980377197265625,0.9549461455154964,False,0.982161,200.5572702356194,0,0,0.0,0.0,0.0,0.0,0.0
2016-12-02,202.8000030517578,-0.0068559937189383025,0.9501972093119844,False,0.98509604,199.77747938853008,0,0,0.0,0.0,0.0,0.0,0.0
2016-12-05,197.39999389648438,-0.026627263678567492,0.9604863828057714,False,0.98835814,195.10189080191412,0,0,0.0,0.0,0.0,0.0,0.0
2016-12-06,196.39999389648438,-0.005065856286319836,0.9653768431553374,False,0.9917649,194.78262090940916,0,0,0.0,0.0,0.0,0.0,0.0
2016-12-07,193.60000610351562,-0.014256557433726447,0.9814049277374983,False,0.99517894,192.66664845385094,0,0,0.0,0.0,0.0,0.0,0.0
2016-12-08,195.0,0.007231373204274583,0.9584615071614584,False,0.99793106,194.59655731916428,0,0,0.0,0.0,0.0,0.0,0.0
2016-12-09,192.6999969482422,-0.011794887444911861,0.9605605035543002,False,1.000856,192.86495622135226,1,1,0.0,0.0,0.0,0.0,1.0
2016-12-12,189.60000610351562,-0.016087134892686095,0.9630801699648773,False,1.0038294,190.32605278445044,1,1,1.0,0.0,0.0,0.0,2.0
2016-12-13,189.60000610351562,0.0,0.9604430392480828,False,1.0060385,190.74491456856413,1,1,1.0,1.0,0.0,0.0,3.0
2016-12-14,190.0,0.0021096723818985197,0.9584210847553454,False,1.0076948,191.46201968193054,1,1,1.0,1.0,1.0,0.0,4.0
2016-12-15,186.89999389648438,-0.016315821597450708,0.9684323483726162,False,1.0086576,188.51809454640534,1,1,1.0,1.0,1.0,1.0,5.0
2016-12-16,185.10000610351562,-0.009630753620921362,0.9719070122335751,False,1.0087695,186.72324286091316,1,1,1.0,1.0,1.0,1.0,5.0
2016-12-19,182.60000610351562,-0.013506212412558782,0.9895946928161857,False,1.0085642,184.16383524399862,1,1,1.0,1.0,1.0,1.0,5.0
2016-12-20,182.10000610351562,-0.002738225538265082,0.9934101473541461,False,1.0080516,183.56620867398306,1,1,1.0,1.0,1.0,1.0,5.0
2016-12-21,182.10000610351562,0.0,1.0060405865340898,True,1.007293,183.42805888335715,1,1,1.0,1.0,1.0,1.0,5.0
2016-12-22,181.0,-0.00604067032754696,1.0182320610594355,True,1.0064114,182.16046941280365,1,1,1.0,1.0,1.0,1.0,5.0
2016-12-23,179.89999389648438,-0.006077381787379155,1.015008406329268,True,1.0053087,180.8550375018349,1,1,1.0,1.0,1.0,1.0,5.0
2016-12-28,180.6999969482422,0.0044469320672579915,1.025456592037648,True,1.0041122,181.44307936367113,1,1,1.0,1.0,1.0,1.0,5.0
2016-12-29,180.89999389648438,0.0011067899923622448,1.024875622729844,True,1.003074,181.45608951361282,1,1,1.0,1.0,1.0,1.0,5.0
2016-12-30,183.1999969482422,0.012714224042892575,1.0131004868736515,True,1.002732,183.7005063927245,1,1,1.0,1.0,1.0,1.0,5.0
2017-01-03,184.3000030517578,0.006004400228382112,1.0173629782705078,True,1.0030866,184.86885734546377,1,1,1.0,1.0,1.0,1.0,5.0
2017-01-04,182.60000610351562,-0.0092240744443437,1.031215754423419,True,1.0034783,183.23514163232903,1,1,1.0,1.0,1.0,1.0,5.0
2017-01-05,185.3000030517578,0.014786401193828791,1.007015666650554,True,1.0034677,185.94256398543985,1,1,1.0,1.0,1.0,1.0,5.0
2017-01-06,185.39999389648438,0.0005396159907165021,1.0059331506997233,True,1.0036057,186.06849498932206,1,1,1.0,1.0,1.0,1.0,5.0
2017-01-09,185.60000610351562,0.0010788145286722006,0.9967672086003003,False,1.0033147,186.21522066232137,1,1,1.0,1.0,1.0,1.0,5.0
2017-01-10,187.5,0.010237035743547729,0.9914666341145832,False,1.0042261,188.29239159822464,1,1,1.0,1.0,1.0,1.0,5.0
2017-01-11,188.3000030517578,0.004266682942708266,0.9978756816314894,False,1.00608,189.44487298198328,1,1,1.0,1.0,1.0,1.0,5.0
2017-01-12,186.60000610351562,-0.009028130221404806,1.0032153849147984,True,1.0085089,188.18777075238904,1,1,1.0,1.0,1.0,1.0,5.0
2017-01-13,186.5,-0.000535938372157152,0.9946380697050937,False,1.0115358,188.65141993761063,1,1,1.0,1.0,1.0,1.0,5.0
2017-01-16,185.0,-0.008042895442359255,1.001081064585093,True,1.0150175,187.7782392501831,1,1,1.0,1.0,1.0,1.0,5.0
2017-01-17,185.89999389648438,0.004864831872888553,0.9962345509885709,False,1.0177093,189.1921443335159,1,1,1.0,1.0,1.0,1.0,5.0
2017-01-18,187.89999389648438,0.010758472650158613,0.9888238908305476,False,1.0199828,191.65476467333792,1,1,1.0,1.0,1.0,1.0,5.0
2017-01-19,187.1999969482422,-0.003725369723150851,1.0032051608616293,True,1.021587,191.2410859402862,1,1,1.0,1.0,1.0,1.0,5.0
2017-01-20,185.5,-0.009081180427114033,1.0172506574029228,True,1.0219916,189.57944375276566,1,1,1.0,1.0,1.0,1.0,5.0
2017-01-23,185.1999969482422,-0.0016172671253790183,1.0178185912858306,True,1.0213999,189.16325014259382,1,1,1.0,1.0,1.0,1.0,5.0
2017-01-24,185.1999969482422,0.0,1.011339126015766,True,1.0198977,188.88505080826508,1,1,1.0,1.0,1.0,1.0,5.0
2017-01-25,185.8000030517578,0.003239773830467696,1.0032292294664786,True,1.017963,189.13753813026597,1,1,1.0,1.0,1.0,1.0,5.0
2017-01-26,187.8000030517578,0.010764262471206099,0.9968050793729206,False,1.0158373,190.77425024574222,1,1,1.0,1.0,1.0,1.0,5.0
2017-01-27,188.6999969482422,0.004792299690412394,0.989401165700344,False,1.0132216,191.1949168874653,1,1,1.0,1.0,1.0,1.0,5.0
2017-02-01,188.5,-0.0010598672574279044,1.0371352785145889,True,1.010281,190.43796223402023,1,1,1.0,1.0,1.0,1.0,5.0
2017-02-02,187.3000030517578,-0.006366031555661511,1.0437800150274221,True,1.0062785,188.47596890458226,1,1,1.0,1.0,1.0,1.0,5.0
2017-02-03,186.39999389648438,-0.004805174269136181,1.050429235316894,True,1.0019965,186.7721446869109,1,1,1.0,1.0,1.0,1.0,5.0
2017-02-06,187.1999969482422,0.0042918620061869195,1.06143162493309,True,0.99790907,186.8085746828947,0,0,1.0,1.0,1.0,1.0,4.0
2017-02-07,186.6999969482422,-0.0026709402144822203,1.0594537026510655,True,0.9944184,185.6579090050327,0,0,0.0,1.0,1.0,1.0,3.0
2017-02-08,195.5,0.04713445739475497,1.0332480818414322,True,0.99210995,193.95749607682228,0,0,0.0,0.0,1.0,1.0,2.0
2017-02-09,195.5,0.0,1.03529408642703,True,0.990934,193.72759979963303,0,0,0.0,0.0,0.0,1.0,1.0
2017-02-10,195.8000030517578,0.0015345424642343453,1.0224718785899165,True,0.9901771,193.8766782103221,0,0,0.0,0.0,0.0,0.0,0.0
2017-02-13,198.6999969482422,0.01481100026192439,1.0105687274069897,True,0.9900136,196.71569917865418,0,0,0.0,0.0,0.0,0.0,0.0
2017-02-14,197.8000030517578,-0.004529410721223148,1.0060667185527201,True,0.9904843,195.91779702382064,0,0,0.0,0.0,0.0,0.0,0.0
2017-02-15,202.0,0.02123355350577616,0.9900990099009901,False,0.9912335,200.22917258739471,0,0,0.0,0.0,0.0,0.0,0.0
2017-02-16,202.39999389648438,0.0019801678043780413,0.9901185767771176,False,0.9928023,200.9431838951732,0,0,0.0,0.0,0.0,0.0,0.0
2017-02-17,200.1999969482422,-0.010869550467315525,0.9890110040870234,False,0.9952538,199.24980799216064,0,0,0.0,0.0,0.0,0.0,0.0
2017-02-20,200.8000030517578,0.002997033529779536,0.9731075245358362,False,0.9981472,200.4279587212286,0,0,0.0,0.0,0.0,0.0,0.0
2017-02-21,199.0,-0.008964158488054652,0.9683416932072472,False,1.0017956,199.35733425617218,1,1,0.0,0.0,0.0,0.0,1.0
2017-02-22,200.0,0.005025125628140614,0.9675000000000001,False,1.0055498,201.10995769500732,1,1,1.0,0.0,0.0,0.0,2.0
2017-02-23,200.39999389648438,0.0019999694824219816,0.9580838615153683,False,1.0083022,202.0637570828112,1,1,1.0,1.0,0.0,0.0,3.0
2017-02-24,198.0,-0.011976017812276418,0.9666666358408301,False,1.0100254,199.98502564430237,1,1,1.0,1.0,1.0,0.0,4.0
2017-02-27,195.39999389648438,-0.013131343957149655,0.9810644981380998,False,1.010836,197.5173492485519,1,1,1.0,1.0,1.0,1.0,5.0
2017-02-28,192.6999969482422,-0.013817794434899278,0.9974052931607762,False,1.0101314,194.6523098159596,1,1,1.0,1.0,1.0,1.0,5.0
2017-03-01,193.5,0.0041515467795918415,0.9912144860555959,False,1.0085027,195.14527666568756,1,1,1.0,1.0,1.0,1.0,5.0
2017-03-02,192.0,-0.007751937984496138,0.9916666348775228,False,1.0070015,193.34429168701172,1,1,1.0,1.0,1.0,1.0,5.0
2017-03-03,191.39999389648438,-0.003125031789143917,0.9932080050448079,False,1.0055345,192.45930284459973,1,1,1.0,1.0,1.0,1.0,5.0
2017-03-06,191.6999969482422,0.0015674141135033626,1.0005216802561694,True,1.0043032,192.52492362139674,1,1,1.0,1.0,1.0,1.0,5.0
2017-03-07,192.1999969482422,0.00260824208638355,0.9989594331351834,False,1.0034472,192.8625439777079,1,1,1.0,1.0,1.0,1.0,5.0
2017-03-08,191.8000030517578,-0.0020811337296331445,1.0151198845169038,True,1.0031337,192.401038012531,1,1,1.0,1.0,1.0,1.0,5.0
2017-03-09,190.39999389648438,-0.007299317690290352,1.0367647070608927,True,1.0028085,190.93472307398406,1,1,1.0,1.0,1.0,1.0,5.0
2017-03-10,190.10000610351562,-0.0015755661900485052,1.033666458132565,True,1.0023444,190.54567083359143,1,1,1.0,1.0,1.0,1.0,5.0
2017-03-13,191.8000030517578,0.008942645416415651,1.0448383248586592,True,1.001919,192.16807323087778,1,1,1.0,1.0,1.0,1.0,5.0
2017-03-14,192.0,0.0010427369398331443,1.0401041507720947,True,1.00098,192.18816375732422,1,1,1.0,1.0,1.0,1.0,5.0
2017-03-15,194.6999969482422,0.014062484105427986,1.0087313660754402,True,0.9999775,194.69562185413542,0,0,1.0,1.0,1.0,1.0,4.0
2017-03-16,197.39999389648438,0.013867472986966334,0.9949341437136802,False,0.99949855,197.30100690432482,0,0,0.0,1.0,1.0,1.0,3.0
2017-03-17,196.5,-0.004559239738154863,0.9994910630864344,False,0.998858,196.27559208869934,0,0,0.0,0.0,1.0,1.0,2.0
2017-03-20,200.39999389648438,0.0198472971831265,0.9730539218515459,False,0.99779385,199.9578821078485,0,0,0.0,0.0,0.0,1.0,1.0
2017-03-21,199.6999969482422,-0.003492998850108564,0.9784676859415663,False,0.9973447,199.16972809052186,0,0,0.0,0.0,0.0,0.0,0.0
2017-03-22,196.39999389648438,-0.016524802715010112,0.9908350924190076,False,0.99657995,195.72829513253055,0,0,0.0,0.0,0.0,0.0,0.0
2017-03-23,196.39999389648438,0.0,0.9898167002945321,False,0.99563485,195.54267921727842,0,0,0.0,0.0,0.0,0.0,0.0
2017-03-24,196.39999389648438,0.0,0.9959267422717417,False,0.9953265,195.48212225905445,0,0,0.0,0.0,0.0,0.0,0.0
2017-03-27,195.0,-0.007128278716863168,1.0056410569411056,True,0.9957262,194.1666144132614,0,0,0.0,0.0,0.0,0.0,0.0
2017-03-28,195.39999389648438,0.0020512507512018274,1.0102354148540023,True,0.99646103,194.70847992672861,0,0,0.0,0.0,0.0,0.0,0.0
2017-03-29,194.60000610351562,-0.004094103469586385,1.0071942130142568,True,0.99717987,194.051207978202,0,0,0.0,0.0,0.0,0.0,0.0
2017-03-30,194.39999389648438,-0.0010278119257861595,1.0077160496249744,True,0.9979668,194.00474487591964,0,0,0.0,0.0,0.0,0.0,0.0
2017-03-31,195.60000610351562,0.006172902493352117,0.9994887213681235,False,0.99839264,195.2856067797784,0,0,0.0,0.0,0.0,0.0,0.0
2017-04-03,196.10000610351562,0.0025562371390488448,0.9882712749608804,False,0.99826896,195.76054952280174,0,0,0.0,0.0,0.0,0.0,0.0
2017-04-05,197.39999389648438,0.00662920832487135,0.9888551316298628,False,0.9978429,196.97418393021144,0,0,0.0,0.0,0.0,0.0,0.0
2017-04-06,196.0,-0.007092167881314726,0.9908163109604193,False,0.9981308,195.63363647460938,0,0,0.0,0.0,0.0,0.0,0.0
2017-04-07,195.89999389648438,-0.0005102352220185402,0.9785605049561079,False,0.99884945,195.6746014605651,0,0,0.0,0.0,0.0,0.0,0.0
2017-04-10,195.5,-0.0020418269981965498,0.9759590948939019,False,1.0004419,195.5863931775093,1,1,0.0,0.0,0.0,0.0,1.0
2017-04-11,193.8000030517578,-0.008695636563898712,0.9881320793831796,False,1.0026098,194.30579179129745,1,1,1.0,0.0,0.0,0.0,2.0
2017-04-12,195.1999969482422,0.007223910600819172,0.9774590473090475,False,1.005029,196.1816505278657,1,1,1.0,1.0,0.0,0.0,3.0
2017-04-13,194.1999969482422,-0.005122950899764334,0.9824923071580144,False,1.007098,195.57842066506055,1,1,1.0,1.0,1.0,0.0,4.0
2017-04-18,191.6999969482422,-0.012873326669857188,1.0015649611712765,True,1.0087802,193.3831691235573,1,1,1.0,1.0,1.0,1.0,5.0
2017-04-19,190.8000030517578,-0.004694803916597712,1.015199129193398,True,1.009311,192.57653439502246,1,1,1.0,1.0,1.0,1.0,5.0
2017-04-20,191.5,0.0036687470495075925,1.0135770553708388,True,1.0091541,193.25300657749176,1,1,1.0,1.0,1.0,1.0,5.0
2017-04-21,190.8000030517578,-0.0036553365443455776,1.004192888044875,True,1.0086293,192.4464777256144,1,1,1.0,1.0,1.0,1.0,5.0
2017-04-24,190.8000030517578,0.0,1.004192888044875,True,1.0079057,192.30841476945716,1,1,1.0,1.0,1.0,1.0,5.0
2017-04-25,192.0,0.0062892920809685116,0.9927083651224772,False,1.0067674,193.2993392944336,1,1,1.0,1.0,1.0,1.0,5.0
2017-04-26,193.6999969482422,0.008854150772094727,0.9772844916582002,False,1.0061364,194.88862097774836,1,1,1.0,1.0,1.0,1.0,5.0
2017-04-27,194.10000610351562,0.002065096342672268,0.9768160749175859,False,1.005888,195.24286407249747,1,1,1.0,1.0,1.0,1.0,5.0
2017-04-28,191.60000610351562,-0.012879958379118817,1.0146137145290903,True,1.0057763,192.70674256035636,1,1,1.0,1.0,1.0,1.0,5.0
2017-05-02,191.60000610351562,0.0,1.01356988915398,True,1.0052009,192.5964914639335,1,1,1.0,1.0,1.0,1.0,5.0
2017-05-04,190.60000610351562,-0.00521920651432406,1.0267575586642779,True,1.0049292,191.53950877813986,1,1,1.0,1.0,1.0,1.0,5.0
2017-05-05,189.3000030517578,-0.006820582424597488,1.0327522284642912,True,1.005595,190.35913066187277,1,1,1.0,1.0,1.0,1.0,5.0
2017-05-08,189.60000610351562,0.0015848021496109865,1.039556960751917,True,1.0068263,190.89426912659474,1,1,1.0,1.0,1.0,1.0,5.0
2017-05-09,194.39999389648438,0.02531639049815282,1.0118312917899706,True,1.008348,196.0228427377442,1,1,1.0,1.0,1.0,1.0,5.0
2017-05-10,194.1999969482422,-0.0010287909183200883,1.0180226573378002,True,1.0105325,196.24540809754944,1,1,1.0,1.0,1.0,1.0,5.0
2017-05-11,195.6999969482422,0.007723996001914424,0.9979560863427598,False,1.0127739,198.19984354650842,1,1,1.0,1.0,1.0,1.0,5.0
2017-05-12,195.5,-0.001021956828620052,1.0010230022927988,True,1.0142003,198.27616447210312,1,1,1.0,1.0,1.0,1.0,5.0
2017-05-15,197.10000610351562,0.008184174442535275,0.9964484414746105,False,1.0140594,199.8711187386325,1,1,1.0,1.0,1.0,1.0,5.0
2017-05-16,196.6999969482422,-0.0020294730740056943,0.9923741737505228,False,1.0129983,199.25677088108569,1,1,1.0,1.0,1.0,1.0,5.0
2017-05-17,197.6999969482422,0.005083884166318109,0.9858371113051113,False,1.0114262,199.95895871013272,1,1,1.0,1.0,1.0,1.0,5.0
2017-05-18,195.3000030517578,-0.012139574777599527,1.0051203276209626,True,1.0090928,197.075828436944,1,1,1.0,1.0,1.0,1.0,5.0
2017-05-19,195.6999969482422,0.0020480997963854275,1.001532974228084,True,1.005889,196.85248560300352,1,1,1.0,1.0,1.0,1.0,5.0
2017-05-22,196.39999389648438,0.003576887885324398,1.0040733354206695,True,1.0040888,197.20302622206873,1,1,1.0,1.0,1.0,1.0,5.0
2017-05-23,195.1999969482422,-0.006109964284798597,1.0076844263496465,True,1.0027641,195.7395503913449,1,1,1.0,1.0,1.0,1.0,5.0
2017-05-24,194.89999389648438,-0.001536900903934768,1.0097486362995094,True,1.0017246,195.23611858030563,1,1,1.0,1.0,1.0,1.0,5.0
2017-05-25,196.3000030517578,0.007183218056009855,1.0443199022566918,True,1.0013165,196.5584413091783,1,1,1.0,1.0,1.0,1.0,5.0
2017-05-26,196.0,-0.001528288574089931,1.03979593393754,True,1.0008636,196.16925621032715,1,1,1.0,1.0,1.0,1.0,5.0
2017-05-29,197.1999969482422,0.006122433409398997,1.0395537686230545,True,1.0004649,197.2916784272311,1,1,1.0,1.0,1.0,1.0,5.0
2017-05-31,196.6999969482422,-0.002535496996641573,1.0381291312473864,True,1.0001879,196.73695173206215,1,1,1.0,1.0,1.0,1.0,5.0
2017-06-01,196.8000030517578,0.0005084194461981717,1.0447154619679728,True,0.99999297,196.79861888883352,0,0,1.0,1.0,1.0,1.0,4.0
2017-06-02,205.0,0.04166665051364671,1.0019511897389481,True,1.0000652,205.01336753368378,1,1,0.0,1.0,1.0,1.0,4.0
2017-06-05,203.8000030517578,-0.005853643649961882,0.979882207840427,False,1.0009158,203.98663611691518,1,1,1.0,0.0,1.0,1.0,4.0
2017-06-06,205.0,0.005888110550898329,0.9804878048780489,False,1.0019131,205.39217948913574,1,1,1.0,1.0,0.0,1.0,4.0
2017-06-07,204.1999969482422,-0.003902453911013737,0.9823702698407041,False,1.0022691,204.66335713170884,1,1,1.0,1.0,1.0,0.0,4.0
2017-06-08,205.60000610351562,0.006856068443665597,0.9630349908662493,False,1.0023621,206.0856604720284,1,1,1.0,1.0,1.0,1.0,5.0
2017-06-09,205.39999389648438,-0.0009728219897549018,0.9620253747578021,False,1.002279,205.86810935536778,1,1,1.0,1.0,1.0,1.0,5.0
2017-06-12,199.6999969482422,-0.02775071624936276,1.01652480271501,True,1.0020119,200.10177240949815,1,1,1.0,1.0,1.0,1.0,5.0
2017-06-13,201.0,0.006509780028162604,1.0,False,1.0006142,201.1234474182129,1,1,1.0,1.0,1.0,1.0,5.0
2017-06-14,200.60000610351562,-0.001990019385494368,0.9980059364750615,False,1.000422,200.68465948362427,1,1,1.0,1.0,1.0,1.0,5.0
2017-06-15,198.0,-0.012961146681989333,1.0121211812953756,True,1.000851,198.1685049533844,1,1,1.0,1.0,1.0,1.0,5.0
2017-06-16,197.60000610351562,-0.002020171194365483,1.015182185765867,True,1.0022523,198.04506856385706,1,1,1.0,1.0,1.0,1.0,5.0
2017-06-19,203.0,0.027327903490324434,0.9980295867168256,False,1.0045556,203.92478334903717,1,1,1.0,1.0,1.0,1.0,5.0
2017-06-20,201.0,-0.009852216748768461,1.002985104992615,True,1.0079207,202.59206914901733,1,1,1.0,1.0,1.0,1.0,5.0
2017-06-21,200.1999969482422,-0.0039801146853623015,1.001998047759096,True,1.01113,202.42821797312172,1,1,1.0,1.0,1.0,1.0,5.0
2017-06-22,200.39999389648438,0.0009989857706835803,1.0139720715420986,True,1.0143223,203.27017889817944,1,1,1.0,1.0,1.0,1.0,5.0
2017-06-23,200.60000610351562,0.0009980649357432814,1.0059820384433236,True,1.0174671,204.1039147251031,1,1,1.0,1.0,1.0,1.0,5.0
2017-06-26,202.60000610351562,0.009970089427454587,1.0009871517384852,True,1.0203339,206.71965156091392,1,1,1.0,1.0,1.0,1.0,5.0
2017-06-27,201.60000610351562,-0.004935834007275708,0.9871031447182566,False,1.0224699,206.12993368511889,1,1,1.0,1.0,1.0,1.0,5.0
2017-06-28,200.60000610351562,-0.004960317310142015,0.9945164203886017,False,1.0242013,205.45478179920974,1,1,1.0,1.0,1.0,1.0,5.0
2017-06-29,203.1999969482422,0.01296107061624352,0.981791353327704,False,1.0252202,208.32473251275587,1,1,1.0,1.0,1.0,1.0,5.0
2017-06-30,201.8000030517578,-0.006889733846014656,0.9881069914817697,False,1.025536,206.95315604850293,1,1,1.0,1.0,1.0,1.0,5.0
2017-07-03,202.8000030517578,0.0049554013125734375,0.9857001523094981,False,1.0249804,207.8660334872602,1,1,1.0,1.0,1.0,1.0,5.0
2017-07-04,199.0,-0.01873768734997494,1.0170853964647457,True,1.0244043,203.8564531803131,1,1,1.0,1.0,1.0,1.0,5.0
2017-07-05,199.5,0.002512562814070307,1.0165413686804903,True,1.0239352,204.27507215738297,1,1,1.0,1.0,1.0,1.0,5.0
2017-07-06,199.5,0.0,1.046616556650415,True,1.0241605,204.32002061605453,1,1,1.0,1.0,1.0,1.0,5.0
2017-07-07,199.39999389648438,-0.0005012837268953962,1.0521565169188143,True,1.0234072,204.06739358920458,1,1,1.0,1.0,1.0,1.0,5.0
2017-07-10,199.89999389648438,0.002507522644456861,1.0595298124993224,True,1.0227181,204.44133633814272,1,1,1.0,1.0,1.0,1.0,5.0
2017-07-11,202.39999389648438,0.012506253508414833,1.0444664045029712,True,1.0217576,206.80373254847655,1,1,1.0,1.0,1.0,1.0,5.0
2017-07-12,202.8000030517578,0.0019763298781423355,1.0493096639522626,True,1.0207764,207.0134552159161,1,1,1.0,1.0,1.0,1.0,5.0
2017-07-13,208.8000030517578,0.02958579837135744,1.0603447828571306,True,1.0189043,212.74722686814675,1,1,1.0,1.0,1.0,1.0,5.0
2017-07-14,209.8000030517578,0.004789271960652819,1.044804546042668,True,1.015427,213.03658630787504,1,1,1.0,1.0,1.0,1.0,5.0
2017-07-17,211.8000030517578,0.009532888326539313,1.030217156771808,True,1.0105699,214.03871427423837,1,1,1.0,1.0,1.0,1.0,5.0
2017-07-18,211.39999389648438,-0.0018886173253532812,1.0302744055820896,True,1.0051349,212.48552021230353,1,1,1.0,1.0,1.0,1.0,5.0
2017-07-19,212.8000030517578,0.006622560055318472,1.028195488317454,True,0.9988669,212.55888270985997,0,0,1.0,1.0,1.0,1.0,4.0
2017-07-20,221.39999389648438,0.04041349023211649,1.009936821443906,True,0.9928984,219.82770071787854,0,0,0.0,1.0,1.0,1.0,3.0
2017-07-21,219.1999969482422,-0.009936752524351,1.0063869031695472,True,0.9886384,216.70953448901855,0,0,0.0,0.0,1.0,1.0,2.0
2017-07-24,218.1999969482422,-0.00456204385913439,1.0210816048022529,True,0.9861225,215.17192408505252,0,0,0.0,0.0,0.0,1.0,1.0
2017-07-25,217.8000030517578,-0.0018331526218089422,1.0449954220130517,True,0.9843383,214.38888115871669,0,0,0.0,0.0,0.0,0.0,0.0
2017-07-26,218.8000030517578,0.00459136816339889,1.0502742223335249,True,0.98281074,215.03899197101055,0,0,0.0,0.0,0.0,0.0,0.0
2017-07-27,223.60000610351562,0.02193785642051549,1.0178890871682187,True,0.98147804,219.45849471708243,0,0,0.0,0.0,0.0,0.0,0.0
2017-07-28,220.60000610351562,-0.013416815376163904,1.031731640101203,True,0.9811938,216.45135405506153,0,0,0.0,0.0,0.0,0.0,0.0
2017-07-31,222.8000030517578,0.009972787340766676,1.0215439990395456,True,0.9820603,218.803040783494,0,0,0.0,0.0,0.0,0.0,0.0
2017-08-01,227.60000610351562,0.021543999039545625,1.0131810189786883,True,0.98419803,224.00347850214712,0,0,0.0,0.0,0.0,0.0,0.0
2017-08-02,229.8000030517578,0.009666067175945425,0.9912967799241084,False,0.9869054,226.79086300906874,0,0,0.0,0.0,0.0,0.0,0.0
2017-08-03,227.60000610351562,-0.009573528803420772,0.9578207124513458,False,0.99044025,225.42420681840667,0,0,0.0,0.0,0.0,0.0,0.0
2017-08-04,227.60000610351562,0.0,0.9279437226912266,False,0.99464273,226.38069244929648,0,0,0.0,0.0,0.0,0.0,0.0
2017-08-07,227.60000610351562,0.0,0.9323373956841228,False,0.9985164,227.2623343615578,0,0,0.0,0.0,0.0,0.0,0.0
2017-08-08,230.60000610351562,0.013181018978688286,0.9158716017268237,False,1.0010657,230.8457636898238,1,1,0.0,0.0,0.0,0.0,1.0
2017-08-09,227.8000030517578,-0.012142250553544676,0.9359086659002441,False,1.0034113,228.5770956143533,1,1,1.0,0.0,0.0,0.0,2.0
2017-08-10,218.0,-0.0430202059722149,0.9706422298326406,False,1.0045245,218.98633432388306,1,1,1.0,1.0,0.0,0.0,3.0
2017-08-11,211.1999969482422,-0.03119267454934771,0.992424285663609,False,1.0042858,212.10516050938168,1,1,1.0,1.0,1.0,0.0,4.0
2017-08-14,212.1999969482422,0.004734848553265225,0.9839774083629527,False,1.0030953,212.85681306371225,1,1,1.0,1.0,1.0,1.0,5.0
2017-08-15,211.1999969482422,-0.00471253541178851,0.9810606057869392,False,1.002623,211.75396651421215,1,1,1.0,1.0,1.0,1.0,5.0
2017-08-16,213.1999969482422,0.00946969710653045,0.9718574104789665,False,1.0024943,213.7317891998464,1,1,1.0,1.0,1.0,1.0,5.0
2017-08-17,211.60000610351562,-0.007504647596758618,0.9810964088628467,False,1.0027508,212.1820657421158,1,1,1.0,1.0,1.0,1.0,5.0
2017-08-18,209.60000610351562,-0.00945179556857667,1.020992336681094,True,1.0029687,210.22223913097332,1,1,1.0,1.0,1.0,1.0,5.0
2017-08-21,208.8000030517578,-0.003816808341898237,1.0268198791325613,True,1.0023452,209.28968172789064,1,1,1.0,1.0,1.0,1.0,5.0
2017-08-22,207.1999969482422,-0.007662864368440658,1.0193050195893545,True,1.002358,207.68856620068982,1,1,1.0,1.0,1.0,1.0,5.0
2017-08-23,207.1999969482422,0.0,1.0299227656349383,True,1.0028559,207.79173878751863,1,1,1.0,1.0,1.0,1.0,5.0
2017-08-24,207.60000610351562,0.0019305461446186278,1.0289017332543249,True,1.0038518,208.39963386025556,1,1,1.0,1.0,1.0,1.0,5.0
2017-08-25,214.0,0.03082848607091626,1.0046728971962617,True,1.0054741,215.17145538330078,1,1,1.0,1.0,1.0,1.0,5.0
2017-08-28,214.39999389648438,0.0018691303574036588,0.9878731766849682,False,1.0075747,216.02400469925124,1,1,1.0,1.0,1.0,1.0,5.0
2017-08-29,211.1999969482422,-0.014925359325276832,1.0037878932922233,True,1.0081338,212.91784894368357,1,1,1.0,1.0,1.0,1.0,5.0
2017-08-30,213.39999389648438,0.010416652367572388,0.9878163499574054,False,1.0073612,214.97086830414628,1,1,1.0,1.0,1.0,1.0,5.0
2017-08-31,213.60000610351562,0.0009372643521643464,0.9822097240488082,False,1.0059406,214.86890901376682,1,1,1.0,1.0,1.0,1.0,5.0
2017-09-01,215.0,0.006554278354308218,0.9767441860465117,False,1.0037678,215.81008732318878,1,1,1.0,1.0,1.0,1.0,5.0
2017-09-04,211.8000030517578,-0.014883706736010138,1.0075542531712596,True,1.001674,212.15456812892626,1,1,1.0,1.0,1.0,1.0,5.0
2017-09-05,212.0,0.0009442726409845115,1.0037735993007444,True,1.0002489,212.0527687072754,1,1,1.0,1.0,1.0,1.0,5.0
2017-09-06,210.8000030517578,-0.005660362963406551,1.004743832948401,True,0.9999382,210.78697350006314,0,0,1.0,1.0,1.0,1.0,4.0
2017-09-07,209.8000030517578,-0.004743832948401194,1.0047664441632695,True,1.0005065,209.9062710062226,1,1,0.0,1.0,1.0,1.0,4.0
2017-09-08,210.0,0.0009532742866207311,0.9961904616582963,False,1.00235,210.49349427223206,1,1,1.0,0.0,1.0,1.0,4.0
2017-09-11,213.39999389648438,0.01619044712611606,1.0224929858905534,True,1.0051302,214.49477252213183,1,1,1.0,1.0,0.0,1.0,4.0
2017-09-12,212.8000030517578,-0.002811578546799809,1.0169172499675714,True,1.0067331,214.23279821543292,1,1,1.0,1.0,1.0,0.0,4.0
2017-09-13,211.8000030517578,-0.004699248052909,1.0339943193791301,True,1.0079921,213.49274010713089,1,1,1.0,1.0,1.0,1.0,5.0
2017-09-14,210.8000030517578,-0.0047214352483064825,1.0398481678125115,True,1.0085391,212.6000412724734,1,1,1.0,1.0,1.0,1.0,5.0
2017-09-15,209.1999969482422,-0.007590161671500395,1.0296366971256512,True,1.0090479,211.0928104601353,1,1,1.0,1.0,1.0,1.0,5.0
2017-09-18,218.1999969482422,0.04302103313236039,0.9679193396063135,False,1.0093185,220.23328728216256,1,1,1.0,1.0,1.0,1.0,5.0
2017-09-19,216.39999389648438,-0.008249326658720246,0.9768946389046953,False,1.0109642,218.77263701422635,1,1,1.0,1.0,1.0,1.0,5.0
2017-09-20,219.0,0.01201481597434495,0.9671233016062001,False,1.0116057,221.54165697097778,1,1,1.0,1.0,1.0,1.0,5.0
2017-09-21,219.1999969482422,0.0009132280741652732,0.9580292104182168,False,1.0119895,221.82808967746132,1,1,1.0,1.0,1.0,1.0,5.0
2017-09-22,215.39999389648438,-0.01733578058696361,0.9749303897423532,False,1.0113834,217.85198126043906,1,1,1.0,1.0,1.0,1.0,5.0
2017-09-25,211.1999969482422,-0.01949859362698314,1.0151515009208376,True,1.0102583,213.36655346600855,1,1,1.0,1.0,1.0,1.0,5.0
2017-09-26,211.39999389648438,0.0009469552610419374,1.0189214764214167,True,1.0082173,213.13713841191202,1,1,1.0,1.0,1.0,1.0,5.0
2017-09-27,211.8000030517578,0.0018921909499642897,1.0254957215235014,True,1.0065619,213.18980826949883,1,1,1.0,1.0,1.0,1.0,5.0
2017-09-28,210.0,-0.008498597855628676,1.0504762195405506,True,1.0049663,211.04291439056396,1,1,1.0,1.0,1.0,1.0,5.0
2017-09-29,210.0,0.0,1.0504762195405506,True,1.0029242,210.61408281326294,1,1,1.0,1.0,1.0,1.0,5.0
2017-10-03,214.39999389648438,0.020952351888020804,1.0102612512577471,True,1.0009243,214.5981742802469,1,1,1.0,1.0,1.0,1.0,5.0
2017-10-04,215.39999389648438,0.004664179237257038,1.0129990860310953,True,1.0002779,215.45984856912764,1,1,1.0,1.0,1.0,1.0,5.0
2017-10-06,217.1999969482422,0.008356560365655463,1.0110497660635114,True,1.000539,217.3170558436159,1,1,1.0,1.0,1.0,1.0,5.0
2017-10-09,220.60000610351562,0.015653817693577876,1.0226654572151452,True,1.0013978,220.90837140936492,1,1,1.0,1.0,1.0,1.0,5.0
2017-10-10,220.60000610351562,0.0,1.0063463003524462,True,1.0026609,221.18699416354139,1,1,1.0,1.0,1.0,1.0,5.0
2017-10-11,216.60000610351562,-0.018132365772116188,1.0286241771631306,True,1.0051237,217.70980702189627,1,1,1.0,1.0,1.0,1.0,5.0
2017-10-12,218.1999969482422,0.00738684579704918,0.9972502710672867,False,1.0069911,219.72546541941483,1,1,1.0,1.0,1.0,1.0,5.0
2017-10-13,219.60000610351562,0.006416174036911304,1.0027321986705398,True,1.009311,221.6446931453611,1,1,1.0,1.0,1.0,1.0,5.0
2017-10-16,225.60000610351562,0.027322403612191737,0.9734042560386859,False,1.0111691,228.1197497095891,1,1,1.0,1.0,1.0,1.0,5.0
2017-10-17,222.0,-0.01595747343137821,0.9927927652994791,False,1.0139751,225.10248184204102,1,1,1.0,1.0,1.0,1.0,5.0
2017-10-18,222.8000030517578,0.0036036173502604907,0.9874326615197246,False,1.0160469,226.37524833807947,1,1,1.0,1.0,1.0,1.0,5.0
2017-10-19,217.60000610351562,-0.023339303756805596,1.002757310789969,True,1.017438,221.39452677879672,1,1,1.0,1.0,1.0,1.0,5.0
2017-10-20,220.1999969482422,0.011948487002751751,0.9954586738698501,False,1.0178937,224.14018346570992,1,1,1.0,1.0,1.0,1.0,5.0
2017-10-23,219.60000610351562,-0.002724754101007476,0.9881602639742642,False,1.0182123,223.59943133979687,1,1,1.0,1.0,1.0,1.0,5.0
2017-10-24,220.39999389648438,0.00364293156071982,0.9854809571830336,False,1.0175374,224.26522692466824,1,1,1.0,1.0,1.0,1.0,5.0
2017-10-25,220.0,-0.0018148543900243785,1.005454531582919,True,1.0176641,223.88609647750854,1,1,1.0,1.0,1.0,1.0,5.0
2017-10-26,218.1999969482422,-0.008181832053444582,1.0256645562870652,True,1.0197486,222.50913454227884,1,1,1.0,1.0,1.0,1.0,5.0
2017-10-27,219.1999969482422,0.004582951484812359,1.0228102192956718,True,1.0219208,224.00503628716797,1,1,1.0,1.0,1.0,1.0,5.0
2017-10-30,217.0,-0.01003648256784262,1.032258064516129,True,1.0241923,222.2497363090515,1,1,1.0,1.0,1.0,1.0,5.0
2017-10-31,217.1999969482422,0.0009216449227751333,1.0515653642062945,True,1.0257045,222.78301493429717,1,1,1.0,1.0,1.0,1.0,5.0
2017-11-01,221.1999969482422,0.01841620652026621,1.026220628986333,True,1.0249017,226.70826346427384,1,1,1.0,1.0,1.0,1.0,5.0
2017-11-02,223.8000030517578,0.011754096471004782,1.029490575311566,True,1.0221342,228.75363368590297,1,1,1.0,1.0,1.0,1.0,5.0
2017-11-03,224.1999969482422,0.0017872828017426734,1.024085678986517,True,1.0178516,228.2023236206769,1,1,1.0,1.0,1.0,1.0,5.0
2017-11-06,224.0,-0.0008920470605018327,1.0508928298950195,True,1.0130218,226.91688919067383,1,1,1.0,1.0,1.0,1.0,5.0
2017-11-07,228.39999389648438,0.01964282989501953,1.0315236970203006,True,1.0081156,230.25360812955842,1,1,1.0,1.0,1.0,1.0,5.0
2017-11-08,227.0,-0.0061295706387753945,1.014977946680548,True,1.0033442,227.75912845134735,1,1,1.0,1.0,1.0,1.0,5.0
2017-11-09,230.39999389648438,0.014977946680547971,1.0121527913451933,True,0.99792004,229.92077027636697,0,0,1.0,1.0,1.0,1.0,4.0
2017-11-10,229.60000610351562,-0.0034721693322968816,1.0182926691489225,True,0.9930201,227.99742498906016,0,0,0.0,1.0,1.0,1.0,3.0
2017-11-13,235.39999389648438,0.025261270203772668,0.9855565251289704,False,0.988958,232.80070743147735,0,0,0.0,0.0,1.0,1.0,2.0
2017-11-14,235.60000610351562,0.000849669550625487,1.0390492220284577,True,0.98681265,232.49306663570496,0,0,0.0,0.0,0.0,1.0,1.0
2017-11-15,230.39999389648438,-0.02207135854124942,1.103298627093067,True,0.9850192,226.94841928088863,0,0,0.0,0.0,0.0,0.0,0.0
2017-11-16,233.1999969482422,0.012152791345193314,1.0634648509667117,True,0.9844232,229.5674919365365,0,0,0.0,0.0,0.0,0.0,0.0
2017-11-17,233.8000030517578,0.0025729250058643682,1.056458497758531,True,0.9857214,230.46166850739337,0,0,0.0,0.0,0.0,0.0,0.0
2017-11-20,232.0,-0.007698900890772631,1.037931047636887,True,0.9869842,228.9803328514099,0,0,0.0,0.0,0.0,0.0,0.0
2017-11-21,244.8000030517578,0.05517242694723201,0.9836601309226525,False,0.9890503,242.1195234918223,0,0,0.0,0.0,0.0,0.0,0.0
2017-11-22,254.1999969482422,0.038398667399105246,0.9441384849775059,False,0.9923038,252.24362004959858,0,0,0.0,0.0,0.0,0.0,0.0
2017-11-23,248.0,-0.024390232189910543,0.9483870844687184,False,0.9959536,246.996497631073,0,0,0.0,0.0,0.0,0.0,0.0
2017-11-24,247.0,-0.0040322580645161255,0.9538461785567434,False,0.9995666,246.89295381307602,0,0,0.0,0.0,0.0,0.0,0.0
2017-11-27,240.8000030517578,-0.02510120221960399,0.9759136088943023,False,1.0033451,241.6055108172459,1,1,0.0,0.0,0.0,0.0,1.0
2017-11-28,240.8000030517578,0.0,0.950166113588376,False,1.0056827,242.16839887445894,1,1,1.0,0.0,0.0,0.0,2.0
2017-11-29,240.0,-0.003322271767520979,0.9166666666666667,False,1.0084383,242.02520370483398,1,1,1.0,1.0,0.0,0.0,3.0
2017-11-30,235.1999969482422,-0.020000012715657545,0.9498299183466634,False,1.0116572,237.9417792918175,1,1,1.0,1.0,1.0,0.0,4.0
2017-12-01,235.60000610351562,0.0017007192196583087,0.965195195269102,False,1.014887,239.10737757232346,1,1,1.0,1.0,1.0,1.0,5.0
2017-12-04,235.0,-0.0025467151441923574,0.9846808250914229,False,1.0180593,239.24392461776733,1,1,1.0,1.0,1.0,1.0,5.0
2017-12-05,228.8000030517578,-0.02638296573720078,0.9973775957363956,False,1.0215088,233.7212195099146,1,1,1.0,1.0,1.0,1.0,5.0
2017-12-06,220.0,-0.03846155128663664,1.04272724498402,True,1.0244782,225.38520336151123,1,1,1.0,1.0,1.0,1.0,5.0
2017-12-07,223.39999389648438,0.015454517711292581,1.0250671721419584,True,1.0274392,229.52991919459237,1,1,1.0,1.0,1.0,1.0,5.0
2017-12-08,227.39999389648438,0.01790510344352758,0.9956024625029005,False,1.0307399,234.39024775339567,1,1,1.0,1.0,1.0,1.0,5.0
2017-12-11,231.39999389648438,0.01759014998839814,1.019879024307898,True,1.0348448,239.4630702514587,1,1,1.0,1.0,1.0,1.0,5.0
2017-12-12,228.1999969482422,-0.013828854937972479,1.021910605025705,True,1.0374897,236.75513556483565,1,1,1.0,1.0,1.0,1.0,5.0
2017-12-13,229.39999389648438,0.005258531832997182,1.0139494868882832,True,1.0402094,238.6240328957174,1,1,1.0,1.0,1.0,1.0,5.0
2017-12-14,229.0,-0.001743652602993806,1.0296943364705582,True,1.0417747,238.5664176940918,1,1,1.0,1.0,1.0,1.0,5.0
2017-12-15,226.39999389648438,-0.011353738443299677,1.0424028549572533,True,1.0430176,236.13918411701889,1,1,1.0,1.0,1.0,1.0,5.0
2017-12-18,236.0,0.042402854957253044,1.0025423987437103,True,1.0444325,246.486074924469,1,1,1.0,1.0,1.0,1.0,5.0
2017-12-19,233.1999969482422,-0.011864419710838181,1.0291595331935919,True,1.0473927,244.2519804938729,1,1,1.0,1.0,1.0,1.0,5.0
2017-12-20,232.60000610351562,-0.0025728595736633775,1.0309544142704705,True,1.0492699,244.060188546493,1,1,1.0,1.0,1.0,1.0,5.0
2017-12-21,235.8000030517578,0.013757510164544406,1.0610686756154264,True,1.0515728,247.96086937430664,1,1,1.0,1.0,1.0,1.0,5.0
2017-12-22,236.0,0.0008481634675734373,1.0559321904586534,True,1.052095,248.29443311691284,1,1,1.0,1.0,1.0,1.0,5.0
2017-12-27,236.60000610351562,0.002542398743710317,1.0760777664229002,True,1.0509821,248.66237545136028,1,1,1.0,1.0,1.0,1.0,5.0
2017-12-28,240.0,0.014370218972001414,1.0549999872843423,True,1.0473677,251.3682460784912,1,1,1.0,1.0,1.0,1.0,5.0
2017-12-29,239.8000030517578,-0.0008333206176758257,1.0925771337185954,True,1.0435333,250.23929456644692,1,1,1.0,1.0,1.0,1.0,5.0
2018-01-02,250.1999969482422,0.04336944855767855,1.0751399012033038,True,1.0376772,259.6268244785624,1,1,1.0,1.0,1.0,1.0,5.0
2018-01-03,249.1999969482422,-0.003996802606703764,1.0906901730396912,True,1.03091,256.90277261837764,1,1,1.0,1.0,1.0,1.0,5.0
2018-01-04,254.60000610351562,0.0216693788980864,1.0542026216109277,True,1.0242445,260.7726678897525,1,1,1.0,1.0,1.0,1.0,5.0
2018-01-05,253.1999969482422,-0.005498857508684507,1.0853080217419668,True,1.0190316,258.01880911741137,1,1,1.0,1.0,1.0,1.0,5.0
2018-01-08,262.0,0.03475514675285196,1.0396946331926884,True,1.0133712,265.50326204299927,1,1,1.0,1.0,1.0,1.0,5.0
2018-01-09,269.0,0.026717557251908497,1.0721189364181576,True,1.0090648,271.4384294748306,1,1,1.0,1.0,1.0,1.0,5.0
2018-01-10,271.79998779296875,0.010408876553787083,1.0875644568780314,True,1.0031292,272.6505162333924,1,1,1.0,1.0,1.0,1.0,5.0
2018-01-11,268.3999938964844,-0.012509176045563897,1.1087928944524976,True,0.9958456,267.28495721968466,0,0,1.0,1.0,1.0,1.0,4.0
2018-01-12,274.79998779296875,0.02384498525343748,1.0727802070175774,True,0.9885871,271.66371790989433,0,0,0.0,1.0,1.0,1.0,3.0
2018-01-15,272.3999938964844,-0.0087336026313527,1.1049926826150518,True,0.9814617,267.3501621185733,0,0,0.0,0.0,1.0,1.0,2.0
2018-01-16,288.3999938964844,0.05873715256425527,1.0520110968011462,True,0.9738948,280.87124714095444,0,0,0.0,0.0,0.0,1.0,1.0
2018-01-17,295.6000061035156,0.024965368791288967,1.0196210679066686,True,0.97034097,286.83279582040996,0,0,0.0,0.0,0.0,0.0,0.0
2018-01-18,297.6000061035156,0.006765899724980429,0.9845429905605728,False,0.9700687,288.6924490055462,0,0,0.0,0.0,0.0,0.0,0.0
2018-01-19,294.79998779296875,-0.009408663484949398,1.0088195597394038,True,0.972571,286.71392345532513,0,0,0.0,0.0,0.0,0.0,0.0
2018-01-22,301.0,0.02103124987707039,0.97076416015625,False,0.9771343,294.1174204945564,0,0,0.0,0.0,0.0,0.0,0.0
2018-01-23,303.3999938964844,0.007973401649449707,0.9492419439476368,False,0.98448163,298.69172135526424,0,0,0.0,0.0,0.0,0.0,0.0
2018-01-24,301.3999938964844,-0.006591957944080851,0.983410749498166,False,0.9920352,298.9994062790629,0,0,0.0,0.0,0.0,0.0,0.0
2018-01-25,293.0,-0.027869920592531128,0.9924914259145692,False,0.9984052,292.53272891044617,0,0,0.0,0.0,0.0,0.0,0.0
2018-01-26,297.3999938964844,0.015017044015305014,0.9717552317791637,False,1.0042722,298.6705528475359,1,1,0.0,0.0,0.0,0.0,1.0
2018-01-29,292.20001220703125,-0.017484807653570633,0.9794661199543384,False,1.0096884,295.030956195842,1,1,1.0,0.0,0.0,0.0,2.0
2018-01-30,288.0,-0.0143737578082489,0.9263888465033638,False,1.0130551,291.7598648071289,1,1,1.0,1.0,0.0,0.0,3.0
2018-01-31,296.3999938964844,0.02916664547390413,0.9035087493507036,False,1.017,301.438781920624,1,1,1.0,1.0,1.0,0.0,4.0
2018-02-01,290.79998779296875,-0.018893408295654,0.931912006106874,False,1.0197194,296.53437809714524,1,1,1.0,1.0,1.0,1.0,5.0
2018-02-02,289.0,-0.006189779465363032,0.8934256477751945,False,1.018935,294.47220492362976,1,1,1.0,1.0,1.0,1.0,5.0
2018-02-05,286.20001220703125,-0.009688539076016411,0.9014674667916088,False,1.0179834,291.3468719770317,1,1,1.0,1.0,1.0,1.0,5.0
2018-02-06,266.79998779296875,-0.06778484831100884,0.9970015448666755,False,1.0163776,271.1695228007957,1,1,1.0,1.0,1.0,1.0,5.0
2018-02-07,267.79998779296875,0.003748126108521266,1.0186706505896685,True,1.0126139,271.177988065283,1,1,1.0,1.0,1.0,1.0,5.0
2018-02-08,271.0,0.011949261960030766,1.033210332103321,True,1.009165,273.4837281703949,1,1,1.0,1.0,1.0,1.0,5.0
2018-02-09,258.20001220703125,-0.047232427280327505,1.0759100490290519,True,1.0077837,260.2097510811145,1,1,1.0,1.0,1.0,1.0,5.0
2018-02-12,258.0,-0.0007746405792997679,1.0976744659187256,True,1.0065993,259.70262122154236,1,1,1.0,1.0,1.0,1.0,5.0
2018-02-13,266.0,0.03100775193798455,1.0526315789473684,True,1.006112,267.62578654289246,1,1,1.0,1.0,1.0,1.0,5.0
2018-02-14,272.79998779296875,0.025563863883341087,1.047653961076662,True,1.0067222,274.63380710025376,1,1,1.0,1.0,1.0,1.0,5.0
2018-02-15,280.0,0.026393007805027624,1.0564285278320311,True,1.0066266,281.8554496765137,1,1,1.0,1.0,1.0,1.0,5.0
2018-02-20,277.79998779296875,-0.007857186453683052,1.0431965461745918,True,1.004572,279.0700987496166,1,1,1.0,1.0,1.0,1.0,5.0
2018-02-21,283.20001220703125,0.019438533662164525,1.0028248155313775,True,1.00143,283.6049980338139,1,1,1.0,1.0,1.0,1.0,5.0
2018-02-22,280.0,-0.011299477645120626,1.0414285932268414,True,0.99790764,279.4141387939453,0,0,1.0,1.0,1.0,1.0,4.0
2018-02-23,285.79998779296875,0.02071424211774553,1.0,False,0.992506,283.65821046440396,0,0,0.0,1.0,1.0,1.0,3.0
2018-02-26,295.79998779296875,0.0349895046435198,0.937119755397165,False,0.98727006,292.0344708685334,0,0,0.0,0.0,1.0,1.0,2.0
2018-02-27,289.79998779296875,-0.020283976496305423,0.9765355828868199,False,0.983684,285.0716121638725,0,0,0.0,0.0,0.0,1.0,1.0
2018-02-28,284.0,-0.02001376134326216,0.9788732394366196,False,0.98045117,278.4481313228607,0,0,0.0,0.0,0.0,0.0,0.0
2018-03-01,291.6000061035156,0.026760584871533988,0.9705075242678057,False,0.97771,285.10024448141485,0,0,0.0,0.0,0.0,0.0,0.0
2018-03-02,285.79998779296875,-0.019890323008045163,0.9944017646806321,False,0.97609305,278.96738286591426,0,0,0.0,0.0,0.0,0.0,0.0
2018-03-05,277.20001220703125,-0.030090888569831775,1.0541125517296046,True,0.975261,270.34235361417814,0,0,0.0,0.0,0.0,0.0,0.0
2018-03-06,283.0,0.020923475965206384,1.028268551236749,True,0.9735235,275.5071498155594,0,0,0.0,0.0,0.0,0.0,0.0
2018-03-07,278.0,-0.017667844522968212,1.039568345323741,True,0.9723161,270.3038719892502,0,0,0.0,0.0,0.0,0.0,0.0
2018-03-08,283.0,0.017985611510791477,1.023321576337511,True,0.9723407,275.1724189519882,0,0,0.0,0.0,0.0,0.0,0.0
2018-03-09,284.20001220703125,0.004240325819898416,0.9922589299347792,False,0.9742153,276.87200830693837,0,0,0.0,0.0,0.0,0.0,0.0
2018-03-12,292.20001220703125,0.02814918950169587,0.9479807954413717,False,0.9782586,285.8471777169325,0,0,0.0,0.0,0.0,0.0,0.0
2018-03-13,291.0,-0.004106817785418215,0.9415807560137456,False,0.9844741,286.4819696545601,0,0,0.0,0.0,0.0,0.0,0.0
2018-03-14,289.0,-0.0068728522336769515,0.9314879315122189,False,0.99111944,286.43351942300797,0,0,0.0,0.0,0.0,0.0,0.0
2018-03-15,289.6000061035156,0.002076145686905173,0.9116021907321196,False,0.9967397,288.65581901467704,0,0,0.0,0.0,0.0,0.0,0.0
2018-03-16,282.0,-0.026243114445236082,0.9106382545849956,False,1.0006839,282.1928608417511,1,1,0.0,0.0,0.0,0.0,1.0
2018-03-19,277.0,-0.01773049645390068,0.9393502245741201,False,1.0027307,277.7564114332199,1,1,1.0,0.0,0.0,0.0,2.0
2018-03-20,274.0,-0.010830324909747335,0.9613138463375341,False,1.0033265,274.9114706516266,1,1,1.0,1.0,0.0,0.0,3.0
2018-03-21,269.20001220703125,-0.017518203623973494,0.9479940021398581,False,1.0030571,270.02298954880825,1,1,1.0,1.0,1.0,0.0,4.0
2018-03-22,264.0,-0.019316537783185983,0.966666655106978,False,1.0031852,264.84088039398193,1,1,1.0,1.0,1.0,1.0,5.0
2018-03-23,256.79998779296875,-0.02727277351148205,0.9844237346910011,False,1.0038116,257.7788060676685,1,1,1.0,1.0,1.0,1.0,5.0
2018-03-26,260.20001220703125,0.013239971089109126,0.9569561426533684,False,1.0043395,261.32913885645394,1,1,1.0,1.0,1.0,1.0,5.0
2018-03-27,263.3999938964844,0.012298161181126366,0.9514047528869757,False,1.0044516,264.5725538697334,1,1,1.0,1.0,1.0,1.0,5.0
2018-03-28,255.1999969482422,-0.031131348284938687,1.000783687110634,True,1.0038306,256.177553832762,1,1,1.0,1.0,1.0,1.0,5.0
2018-03-29,255.1999969482422,0.0,1.021943538055223,True,1.0024709,255.830558101743,1,1,1.0,1.0,1.0,1.0,5.0
2018-04-03,252.8000030517578,-0.009404364910596485,1.046677226698221,True,1.0008593,253.017224123716,1,1,1.0,1.0,1.0,1.0,5.0
2018-04-04,249.0,-0.015031657459987469,1.0658634293031501,True,0.9991102,248.77844524383545,0,0,1.0,1.0,1.0,1.0,4.0
2018-04-06,250.60000610351562,0.00642572732335589,1.0542697756276105,True,0.99758583,249.9950158567899,0,0,0.0,1.0,1.0,1.0,3.0
2018-04-09,255.39999389648438,0.01915398114948963,1.0133124274774352,True,0.99664617,254.54342467447714,0,0,0.0,0.0,1.0,1.0,2.0
2018-04-10,260.79998779296875,0.02114328122761444,0.9792945009615144,False,0.99661094,259.91612085664747,0,0,0.0,0.0,0.0,1.0,1.0
2018-04-11,264.6000061035156,0.014570623038385522,0.966742241690217,False,0.99707776,263.82678219680565,0,0,0.0,0.0,0.0,0.0,0.0
2018-04-12,265.3999938964844,0.003023385391214939,0.9811605120008021,False,0.99796194,264.8590923552929,0,0,0.0,0.0,0.0,0.0,0.0
2018-04-13,264.20001220703125,-0.0045214081275418705,0.9848599552793906,False,0.9994049,264.04278868902475,0,0,0.0,0.0,0.0,0.0,0.0
2018-04-16,258.79998779296875,-0.020439152780322156,1.0,False,1.0019826,259.313076805709,1,1,0.0,0.0,0.0,0.0,1.0
2018-04-17,255.39999389648438,-0.013137534995574462,1.02584184127346,True,1.0040623,256.4375040044797,1,1,1.0,0.0,0.0,0.0,2.0
2018-04-18,255.8000030517578,0.0015662065968395922,1.0125097611808656,True,1.0052787,257.15029620351015,1,1,1.0,1.0,0.0,0.0,3.0
2018-04-19,260.3999938964844,0.017982763056479723,0.9754224498982571,False,1.0061771,262.00850230261494,1,1,1.0,1.0,1.0,0.0,4.0
2018-04-20,260.20001220703125,-0.000767978856146323,0.9700229902205357,False,1.0069121,261.9985438952208,1,1,1.0,1.0,1.0,1.0,5.0
2018-04-23,258.79998779296875,-0.005380570132135665,0.9938177138276473,False,1.0070347,260.6205575561107,1,1,1.0,1.0,1.0,1.0,5.0
2018-04-24,262.0,0.012364808183805476,0.989313023690959,False,1.0064055,263.6782338619232,1,1,1.0,1.0,1.0,1.0,5.0
2018-04-25,259.0,-0.011450381679389277,0.9930502401815879,False,1.0059211,260.5335714817047,1,1,1.0,1.0,1.0,1.0,5.0
2018-04-26,254.0,-0.019305019305019266,1.0015747791200171,True,1.0055214,255.40243983268738,1,1,1.0,1.0,1.0,1.0,5.0
2018-04-27,252.39999389648438,-0.0062992366280142376,0.9984152380897107,False,1.0050809,253.6824227022953,1,1,1.0,1.0,1.0,1.0,5.0
2018-04-30,257.20001220703125,0.019017505652220823,0.9961119753011713,False,1.0042001,258.28027820945863,1,1,1.0,1.0,1.0,1.0,5.0
2018-05-02,259.20001220703125,0.007776049397657525,0.991512298983713,False,1.0028006,259.9259235723948,1,1,1.0,1.0,1.0,1.0,5.0
2018-05-03,257.20001220703125,-0.007716049019328541,1.0038880246988287,True,1.0011948,257.5073237088145,1,1,1.0,1.0,1.0,1.0,5.0
2018-05-04,254.39999389648438,-0.010886540348579055,1.0298742385450217,True,0.99927866,254.2164861723104,0,0,1.0,1.0,1.0,1.0,4.0
2018-05-07,252.0,-0.00943393849868146,1.0539682781885542,True,0.99736214,251.33525848388672,0,0,0.0,1.0,1.0,1.0,3.0
2018-05-08,256.20001220703125,0.016666715107266805,1.0195160021926915,True,0.99577,255.11628040872165,0,0,0.0,0.0,1.0,1.0,2.0
2018-05-09,257.0,0.0031225127043408296,1.0124514093658803,True,0.99602336,255.9780027270317,0,0,0.0,0.0,0.0,1.0,1.0
2018-05-10,258.20001220703125,0.0046693081985651474,1.0030983259300827,True,0.99753404,257.5633004364354,0,0,0.0,0.0,0.0,0.0,0.0
2018-05-11,262.0,0.01471722545823062,0.9900763125820015,False,0.99952483,261.87550592422485,0,0,0.0,0.0,0.0,0.0,0.0
2018-05-14,265.6000061035156,0.013740481311128372,0.9879517615455775,False,1.0015341,266.0074642275031,1,1,0.0,0.0,0.0,0.0,1.0
2018-05-15,261.20001220703125,-0.016566241699442985,0.9931086591637669,False,1.00324,262.0462974467009,1,1,1.0,0.0,0.0,0.0,2.0
2018-05-16,260.20001220703125,-0.0038284837414455097,1.0007685691009653,True,1.0041627,261.2831387789556,1,1,1.0,1.0,0.0,0.0,3.0
2018-05-17,259.0,-0.004611883746094669,1.0038610038610039,True,1.0037328,259.96679532527924,1,1,1.0,1.0,1.0,0.0,4.0
2018-05-18,259.3999938964844,0.0015443779787041034,1.003084110753164,True,1.0027918,260.12417703355095,1,1,1.0,1.0,1.0,1.0,5.0
2018-05-21,262.3999938964844,0.011565150619075037,0.981707363168376,False,1.0006592,262.5729751546678,1,1,1.0,1.0,1.0,1.0,5.0
2018-05-23,259.3999938964844,-0.011432927095202161,0.9730146485554915,False,0.9982696,258.95113270146794,0,0,1.0,1.0,1.0,1.0,4.0
2018-05-24,260.3999938964844,0.003855050206358346,0.9746544124446094,False,0.99551785,259.23284204357697,0,0,0.0,1.0,1.0,1.0,3.0
2018-05-25,260.0,-0.0015360749072957924,0.9761538578913761,False,0.99250114,258.0502963066101,0,0,0.0,0.0,1.0,1.0,2.0
2018-05-28,260.20001220703125,0.0007692777193508693,0.9907762325078106,False,0.98911494,257.36771950547336,0,0,0.0,0.0,0.0,1.0,1.0
2018-05-29,257.6000061035156,-0.009992336593154683,1.001552771300493,True,0.98591775,253.97241765010222,0,0,0.0,0.0,0.0,0.0,0.0
2018-05-30,252.39999389648438,-0.020186382312978868,1.0245642327930247,True,0.98222065,247.91248599413666,0,0,0.0,0.0,0.0,0.0,0.0
2018-05-31,253.8000030517578,0.005546787595595681,1.0378250225740495,True,0.97875756,248.4086717791788,0,0,0.0,0.0,0.0,0.0,0.0
2018-06-01,253.8000030517578,0.0,1.024428671685153,True,0.97628874,247.7820841423263,0,0,0.0,0.0,0.0,0.0,0.0
2018-06-04,257.79998779296875,0.01576038098153698,1.0131886135572394,True,0.97500646,251.35665378085832,0,0,0.0,0.0,0.0,0.0,0.0
2018-06-05,258.0,0.0007758425775872269,1.0100775430368822,True,0.974424,251.40139317512512,0,0,0.0,0.0,0.0,0.0,0.0
2018-06-06,258.6000061035156,0.002325605052386104,0.9961330240665203,False,0.97471124,252.0603324419517,0,0,0.0,0.0,0.0,0.0,0.0
2018-06-07,263.3999938964844,0.018561437276406467,0.9703872893936583,False,0.9756944,256.99790373378346,0,0,0.0,0.0,0.0,0.0,0.0
2018-06-08,260.0,-0.012908101652502557,0.9823076688326322,False,0.97742695,254.13100600242615,0,0,0.0,0.0,0.0,0.0,0.0
2018-06-11,261.20001220703125,0.004615431565504702,0.948698282813814,False,0.9794991,255.84517730482912,0,0,0.0,0.0,0.0,0.0,0.0
2018-06-12,260.6000061035156,-0.002297113612077628,0.9524174640642645,False,0.9826219,256.0712752712061,0,0,0.0,0.0,0.0,0.0,0.0
2018-06-13,257.6000061035156,-0.011511895355859392,0.9472049465012415,False,0.9862904,254.06841183877805,0,0,0.0,0.0,0.0,0.0,0.0
2018-06-14,255.60000610351562,-0.007763974971321641,0.9475743003314071,False,0.9902528,253.1086198927096,0,0,0.0,0.0,0.0,0.0,0.0
2018-06-15,255.39999389648438,-0.0007825203531107716,0.9365700965724839,False,0.99362206,253.77106923181418,0,0,0.0,0.0,0.0,0.0,0.0
2018-06-19,247.8000030517578,-0.029757208403876856,0.9556093629357122,False,0.9963123,246.88619599409049,0,0,0.0,0.0,0.0,0.0,0.0
2018-06-20,248.1999969482422,0.001614180353342487,0.9282836290466607,False,0.9983992,247.8026779104448,0,0,0.0,0.0,0.0,0.0,0.0
2018-06-21,244.0,-0.016921825140545965,0.9524589913790342,False,1.0004202,244.10253190994263,1,1,0.0,0.0,0.0,0.0,1.0
2018-06-22,242.1999969482422,-0.007377061687532049,0.9744013334997395,False,1.0016584,242.60167102307605,1,1,1.0,0.0,0.0,0.0,2.0
2018-06-25,239.1999969482422,-0.01238645762923396,0.9749163876398449,False,1.0023029,239.75084704649998,1,1,1.0,1.0,0.0,0.0,3.0
2018-06-26,236.8000030517578,-0.010033419427692092,0.9695946078739346,False,1.0034226,237.61047898383367,1,1,1.0,1.0,1.0,0.0,4.0
2018-06-27,230.39999389648438,-0.02702706534118826,0.9869791663217323,False,1.0049716,231.5454559022728,1,1,1.0,1.0,1.0,1.0,5.0
2018-06-28,232.39999389648438,0.008680555785511856,0.9845095054248147,False,1.0063123,233.86696101150665,1,1,1.0,1.0,1.0,1.0,5.0
2018-06-29,236.0,0.01549056023262696,0.9872881355932203,False,1.0074469,237.75746488571167,1,1,1.0,1.0,1.0,1.0,5.0
2018-07-03,233.1999969482422,-0.011864419710838181,1.0034305448637522,True,1.0081439,235.09915482896758,1,1,1.0,1.0,1.0,1.0,5.0
2018-07-04,229.60000610351562,-0.015437353738583348,1.0095818679867556,True,1.0074651,231.3139986493843,1,1,1.0,1.0,1.0,1.0,5.0
2018-07-05,227.39999389648438,-0.009581934444894413,1.0263852249825973,True,1.0055017,228.65109116057283,1,1,1.0,1.0,1.0,1.0,5.0
2018-07-06,228.8000030517578,0.006156592756597634,1.0236013716103964,True,1.0021288,229.28708153420666,1,1,1.0,1.0,1.0,1.0,5.0
2018-07-09,233.0,0.01835662977369834,1.0034334894925228,True,0.99826455,232.5956404209137,0,0,1.0,1.0,1.0,1.0,4.0
2018-07-10,234.0,0.0042918454935623185,0.9914529914529915,False,0.994719,232.7642526626587,0,0,0.0,1.0,1.0,1.0,3.0
2018-07-11,231.8000030517578,-0.009401696360009315,1.0069024625697236,True,0.9922216,229.9969684840289,0,0,0.0,0.0,1.0,1.0,2.0
2018-07-12,233.39999389648438,0.0069024625697236,0.9957155097422861,False,0.99066377,231.22091713881673,0,0,0.0,0.0,0.0,1.0,1.0
2018-07-13,234.1999969482422,0.0034276052813977387,1.0,False,0.9912256,232.1450325518399,0,0,0.0,0.0,0.0,0.0,0.0
2018-07-16,233.8000030517578,-0.0017079158911038617,1.0008554189291345,True,0.9927475,232.10436517171092,0,0,0.0,0.0,0.0,0.0,0.0
2018-07-17,232.0,-0.007698900890772631,1.0224137799493198,True,0.9945656,230.73922061920166,0,0,0.0,0.0,0.0,0.0,0.0
2018-07-18,233.39999389648438,0.006034456450363601,1.0239931715936519,True,0.99536705,232.31866343464935,0,0,0.0,0.0,0.0,0.0,0.0
2018-07-19,232.39999389648438,-0.0042844902577140465,1.021514630513403,True,0.99496764,231.23047333450995,0,0,0.0,0.0,0.0,0.0,0.0
2018-07-20,234.1999969482422,0.007745280116313369,1.01110164875062,True,0.99325883,232.62121586472676,0,0,0.0,0.0,0.0,0.0,0.0
2018-07-23,234.0,-0.0008539579455518753,1.005128192086505,True,0.9912563,231.95397341251373,0,0,0.0,0.0,0.0,0.0,0.0
2018-07-24,237.1999969482422,0.013675200633513684,0.9763912693221978,False,0.9899579,234.81801765645469,0,0,0.0,0.0,0.0,0.0,0.0
2018-07-25,239.0,0.007588545847033057,0.9589958031307204,False,0.98965394,236.52729284763336,0,0,0.0,0.0,0.0,0.0,0.0
2018-07-26,237.39999389648438,-0.006694586207178332,0.944397652537439,False,0.9907273,235.19865625795865,0,0,0.0,0.0,0.0,0.0,0.0
2018-07-27,236.8000030517578,-0.002527341449672371,0.9459459337550764,False,0.99273854,235.0804904716142,0,0,0.0,0.0,0.0,0.0,0.0
2018-07-30,235.1999969482422,-0.00675678244466027,0.9523809647382485,False,0.99479747,233.97636148133097,0,0,0.0,0.0,0.0,0.0,0.0
2018-07-31,231.60000610351562,-0.015306083722096187,0.9792745987683074,False,0.9967322,230.84317789467423,0,0,0.0,0.0,0.0,0.0,0.0
2018-08-01,229.1999969482422,-0.010362733557963466,0.9991274129541663,False,0.99903905,228.97974810893538,0,0,0.0,0.0,0.0,0.0,0.0
2018-08-02,224.1999969482422,-0.02181500901646649,1.0356824268906963,True,1.0011787,224.46427077887347,1,1,0.0,0.0,0.0,0.0,1.0
2018-08-03,224.0,-0.0008920470605018327,1.0276785578046526,True,1.002743,224.61443328857422,1,1,1.0,0.0,0.0,0.0,2.0
2018-08-06,224.0,0.0,1.016071455819266,True,1.0040143,224.8991928100586,1,1,1.0,1.0,0.0,0.0,3.0
2018-08-07,226.8000030517578,0.012500013623918838,0.988536128445632,False,1.0043719,227.7915457858944,1,1,1.0,1.0,1.0,0.0,4.0
2018-08-08,229.0,0.009700162780598154,0.9624453881942548,False,1.0042198,229.96632742881775,1,1,1.0,1.0,1.0,1.0,5.0
2018-08-09,232.1999969482422,0.013973785800184269,0.9422911538647814,False,1.0032643,232.95796925025388,1,1,1.0,1.0,1.0,1.0,5.0
2018-08-10,230.1999969482422,-0.008613264540420329,0.9556907164054589,False,1.0016938,230.58992001493425,1,1,1.0,1.0,1.0,1.0,5.0
2018-08-13,227.60000610351562,-0.011294486877474363,0.985940192789029,False,0.9997752,227.54883508545026,0,0,1.0,1.0,1.0,1.0,4.0
2018-08-14,224.1999969482422,-0.014938528401124307,0.9875111369764907,False,0.9972397,223.5811396921472,0,0,0.0,1.0,1.0,1.0,3.0
2018-08-15,220.39999389648438,-0.016949166384846448,1.0154265392442356,True,0.99406177,219.09120761204213,0,0,0.0,0.0,1.0,1.0,2.0
2018-08-16,218.8000030517578,-0.0072594867923545525,1.0164533400114943,True,0.990485,216.71812376456455,0,0,0.0,0.0,0.0,1.0,1.0
2018-08-17,220.0,0.005484446670498189,1.0063636086203835,True,0.988524,217.47528433799744,0,0,0.0,0.0,0.0,0.0,0.0
2018-08-20,224.39999389648438,0.01999997225674721,1.007130152170386,True,0.98838663,221.79395396645123,0,0,0.0,0.0,0.0,0.0,0.0
2018-08-21,221.39999389648438,-0.013368984320845878,1.039747079016959,True,0.9892325,219.01606515065396,0,0,0.0,0.0,0.0,0.0,0.0
2018-08-22,223.8000030517578,0.010840150051655284,1.026809651108952,True,0.99092084,221.76808739514036,0,0,0.0,0.0,0.0,0.0,0.0
2018-08-23,222.39999389648438,-0.006255626167036565,1.0260791511282927,True,0.9945265,221.1826887464813,0,0,0.0,0.0,0.0,0.0,0.0
2018-08-24,221.39999389648438,-0.0044964030010965494,1.009033423916602,True,0.99805564,220.96951191419976,0,0,0.0,0.0,0.0,0.0,0.0
2018-08-27,226.0,0.020776902576006284,0.9823008849557522,False,1.0017747,226.4010751247406,1,1,0.0,0.0,0.0,0.0,1.0
2018-08-28,230.1999969482422,0.01858405729310708,0.9756733669897238,False,1.0054811,231.4617516588787,1,1,1.0,0.0,0.0,0.0,2.0
2018-08-29,229.8000030517578,-0.0017375929704044335,0.9564838996205421,False,1.0088297,231.82907109570988,1,1,1.0,1.0,0.0,0.0,3.0
2018-08-30,228.1999969482422,-0.006962602620833147,0.9526730797713053,False,1.011438,230.81015127982937,1,1,1.0,1.0,1.0,0.0,4.0
2018-08-31,223.39999389648438,-0.021034194197848688,0.9704566202997089,False,1.0129018,226.28225213759288,1,1,1.0,1.0,1.0,1.0,5.0
2018-09-03,222.0,-0.006266758884215018,0.965765738272452,False,1.012025,224.66954970359802,1,1,1.0,1.0,1.0,1.0,5.0
2018-09-04,224.60000610351562,0.01171173920502544,0.9403383401997882,False,1.0103792,226.9311734117764,1,1,1.0,1.0,1.0,1.0,5.0
2018-09-05,219.8000030517578,-0.021371339809962198,0.9535941910526712,False,1.0079317,221.54339277780673,1,1,1.0,1.0,1.0,1.0,5.0
2018-09-06,217.39999389648438,-0.010919058789586544,1.0027599177569495,True,1.0044883,218.3757609331842,1,1,1.0,1.0,1.0,1.0,5.0
2018-09-07,216.8000030517578,-0.0027598475693253466,1.0193726793778666,True,0.9997044,216.73592142968573,0,0,1.0,1.0,1.0,1.0,4.0
2018-09-10,214.39999389648438,-0.011070152774400377,1.0158582521085098,True,0.99525565,213.38280509029755,0,0,0.0,1.0,1.0,1.0,3.0
2018-09-11,211.1999969482422,-0.014925359325276832,1.0435605922404287,True,0.99141675,209.38721506830825,0,0,0.0,0.0,1.0,1.0,2.0
2018-09-12,209.60000610351562,-0.007575714336391148,1.0706106267270787,True,0.9863968,206.74877311033197,0,0,0.0,0.0,0.0,1.0,1.0
2018-09-13,218.0,0.040076305591021155,1.0321100917431192,True,0.98132193,213.92818093299866,0,0,0.0,0.0,0.0,0.0,0.0
2018-09-14,221.0,0.013761467889908285,1.0361990950226243,True,0.97762096,216.05423200130463,0,0,0.0,0.0,0.0,0.0,0.0
2018-09-17,217.8000030517578,-0.014479624200190888,1.028466468601329,True,0.9744463,212.23440639326873,0,0,0.0,0.0,0.0,0.0,0.0
2018-09-18,220.39999389648438,0.011937515189605952,1.029945582061202,True,0.9725614,214.35253081379597,0,0,0.0,0.0,0.0,0.0,0.0
2018-09-19,224.39999389648438,0.018148820829272383,1.0080214041921416,True,0.97402036,218.57016326548546,0,0,0.0,0.0,0.0,0.0,0.0
2018-09-20,225.0,0.0026738240634374133,0.9955555555555554,False,0.9784171,220.1438471674919,0,0,0.0,0.0,0.0,0.0,0.0
2018-09-21,229.0,0.01777777777777767,0.9545851794913346,False,0.98389304,225.31150543689728,0,0,0.0,0.0,0.0,0.0,0.0
2018-09-24,224.0,-0.02183406113537123,0.9705356870378766,False,0.9905282,221.87832260131836,0,0,0.0,0.0,0.0,0.0,0.0
2018-09-26,227.0,0.013392857142857206,0.9444933651827505,False,0.99637353,226.17679226398468,0,0,0.0,0.0,0.0,0.0,0.0
2018-09-27,226.1999969482422,-0.003524242518756937,0.9451812817693287,False,1.0010073,226.42785238912256,1,1,0.0,0.0,0.0,0.0,1.0
2018-09-28,224.0,-0.009725892917432644,0.940178598676409,False,1.0029134,224.65259170532227,1,1,1.0,0.0,0.0,0.0,2.0
2018-10-02,218.60000610351562,-0.02410711560930523,0.9634034776915255,False,1.0037054,219.41000270720906,1,1,1.0,1.0,0.0,0.0,3.0
2018-10-03,217.39999389648438,-0.005489534188132583,0.9604416233386766,False,1.0035436,218.1703758500298,1,1,1.0,1.0,1.0,0.0,4.0
2018-10-04,214.39999389648438,-0.013799448409499315,0.9174440417344973,False,1.0039356,215.24378125649673,1,1,1.0,1.0,1.0,1.0,5.0
2018-10-05,213.8000030517578,-0.0027984648405179335,0.9401309500979796,False,1.0074656,215.39614856137268,1,1,1.0,1.0,1.0,1.0,5.0
2018-10-08,210.60000610351562,-0.01496724463314214,0.9468185570634498,False,1.0116968,213.0633555172535,1,1,1.0,1.0,1.0,1.0,5.0
2018-10-09,210.60000610351562,0.0,0.9487179357134049,False,1.0166632,214.10927479900784,1,1,1.0,1.0,1.0,1.0,5.0
2018-10-10,208.8000030517578,-0.00854702279008035,0.9712643682360834,False,1.021844,213.3610364626893,1,1,1.0,1.0,1.0,1.0,5.0
2018-10-11,196.6999969482422,-0.057950219955294924,1.0625317907604965,True,1.0261447,201.8426678098076,1,1,1.0,1.0,1.0,1.0,5.0
2018-10-12,201.0,0.021860717429951437,1.0746268656716418,True,1.0259092,206.20774626731873,1,1,1.0,1.0,1.0,1.0,5.0
2018-10-15,199.39999389648438,-0.007960229370724492,1.051153523165735,True,1.0245951,204.30426494368658,1,1,1.0,1.0,1.0,1.0,5.0
2018-10-16,199.8000030517578,0.002006064029676402,1.0560560399257894,True,1.023335,204.4623321291656,1,1,1.0,1.0,1.0,1.0,5.0
2018-10-18,202.8000030517578,0.015015014785674685,1.03846155293088,True,1.0215405,207.168421095781,1,1,1.0,1.0,1.0,1.0,5.0
2018-10-19,209.0,0.03057197660228761,0.9990430768026689,False,1.0199345,213.166317820549,1,1,1.0,1.0,1.0,1.0,5.0
2018-10-22,216.0,0.03349282296650724,0.9509258976689091,False,1.0196064,220.23497200012207,1,1,1.0,1.0,1.0,1.0,5.0
2018-10-23,209.60000610351562,-0.029629601372612835,0.9761450388625912,False,1.0202259,213.83935120529713,1,1,1.0,1.0,1.0,1.0,5.0
2018-10-24,211.0,0.006679359998648771,0.9857819905213271,False,1.0196278,215.14146780967712,1,1,1.0,1.0,1.0,1.0,5.0
2018-10-25,210.60000610351562,-0.0018957056705420916,1.0142450138321715,True,1.0184009,214.47523733879643,1,1,1.0,1.0,1.0,1.0,5.0
2018-10-26,208.8000030517578,-0.00854702279008035,1.088122574844615,True,1.0161815,212.17869382074423,1,1,1.0,1.0,1.0,1.0,5.0
2018-10-29,205.39999389648438,-0.016283568513313806,1.07594939906073,True,1.0125064,207.9688013505547,1,1,1.0,1.0,1.0,1.0,5.0
2018-10-30,204.60000610351562,-0.003894780023079858,1.0840664537396933,True,1.0096983,206.5842725630464,1,1,1.0,1.0,1.0,1.0,5.0
2018-10-31,208.0,0.016617760484152644,1.0788461245023289,True,1.0076065,209.5821533203125,1,1,1.0,1.0,1.0,1.0,5.0
2018-11-01,213.60000610351562,0.026923106266901975,1.0627340520298976,True,1.0064572,214.97926611073126,1,1,1.0,1.0,1.0,1.0,5.0
2018-11-02,227.1999969482422,0.06367036730390208,0.9744718172109874,False,1.0057431,228.5048396888942,1,1,1.0,1.0,1.0,1.0,5.0
2018-11-05,221.0,-0.027288719328876554,1.0081448101889494,True,1.0066622,222.47235715389252,1,1,1.0,1.0,1.0,1.0,5.0
2018-11-06,221.8000030517578,0.0036199233111213758,1.013525698641672,True,1.0072871,223.41629175979506,1,1,1.0,1.0,1.0,1.0,5.0
2018-11-07,224.39999389648438,0.011722230878959294,1.0053476481268748,True,1.0088018,226.3751217781719,1,1,1.0,1.0,1.0,1.0,5.0
2018-11-08,227.0,0.011586480277334665,1.0088105726872247,True,1.0103161,229.34176230430603,1,1,1.0,1.0,1.0,1.0,5.0
2018-11-09,221.39999389648438,-0.024669630411963128,1.0316169837081064,True,1.0112772,223.89676564009278,1,1,1.0,1.0,1.0,1.0,5.0
2018-11-12,222.8000030517578,0.006323438093354339,1.0233393037568057,True,1.0112519,225.3069322929441,1,1,1.0,1.0,1.0,1.0,5.0
2018-11-13,224.8000030517578,0.008976660559270266,0.9973309337394561,False,1.0097411,226.98979514233724,1,1,1.0,1.0,1.0,1.0,5.0
2018-11-14,225.60000610351562,0.0035587323883337074,0.9973403985492788,False,1.0072578,227.23737015385632,1,1,1.0,1.0,1.0,1.0,5.0
2018-11-15,229.0,0.015070894523488088,0.9886462615567003,False,1.0046748,230.07052743434906,1,1,1.0,1.0,1.0,1.0,5.0
2018-11-16,228.39999389648438,-0.002620113989151185,0.9894921455314394,False,1.0033728,229.17033875314155,1,1,1.0,1.0,1.0,1.0,5.0
2018-11-19,228.0,-0.0017512868089902822,1.0061403241073876,True,1.002873,228.65503120422363,1,1,1.0,1.0,1.0,1.0,5.0
2018-11-20,224.1999969482422,-0.01666668005156935,1.0178412134453483,True,1.0029886,224.8700358776441,1,1,1.0,1.0,1.0,1.0,5.0
2018-11-21,225.0,0.0035682563008352375,1.0239999728732638,True,1.0031387,225.70619881153107,1,1,1.0,1.0,1.0,1.0,5.0
2018-11-22,226.39999389648438,0.0062221950954861605,1.00795054372917,True,1.0031991,227.12427022888733,1,1,1.0,1.0,1.0,1.0,5.0
2018-11-23,226.0,-0.0017667575409355818,1.008849557522124,True,1.0025835,226.58387184143066,1,1,1.0,1.0,1.0,1.0,5.0
2018-11-26,229.39999389648438,0.015044220780904283,1.0244115355384125,True,1.0015937,229.76559072952296,1,1,1.0,1.0,1.0,1.0,5.0
2018-11-27,228.1999969482422,-0.005231024325064615,1.0508326304059794,True,1.0001812,228.24134635869996,1,1,1.0,1.0,1.0,1.0,5.0
2018-11-28,230.39999389648438,0.009640652838138086,1.0234375403573126,True,0.9982036,229.98609772824966,0,0,1.0,1.0,1.0,1.0,4.0
